fish i.d.,Species,Date of Capture,FL,European Age,Age Confidence(1-4),Andrew ages,comments,Catch Location
CK147,Chinook,7/25/19 0:02,73,0.2,3,0.2,,South Vancouver Island Trawl
CK148,Chinook,7/25/19 0:09,64,0.2,3,0.2,,All
CK149,Chinook,7/25/19 0:23,78,0.2,3,0.2,,
CK150,Chinook,7/25/19 0:26,78,1.3,3,1.3,distance between freshwater and first marine indicates yearling-AMC,
CK151,Chinook,7/25/19 0:30,68,0.2,3,0.2,,
CK152,Chinook,7/25/19 0:39,61,0.2,3,0.2,,
CK153,Chinook,7/25/19 0:46,52,0.3,3,0.3,,
CK154,Chinook,7/25/19 13:09,71,1.2,4,1.2,Hatchery fish-AMC,
CK155,Chinook,7/25/19 13:20,70,R,,R,No good scales,
CK156,Chinook,7/25/19 13:23,63,0.3,3,0.3,,
CK157,Chinook,7/25/19 13:30,79,0.3,3,0.3,,
CK158,Chinook,7/25/19 13:35,65,0.2,3,0.2,,
,,,,,,,,
CK160,Chinook,7/25/19 13:43,71,0.2,3,0.2,,
CK161,Chinook,7/25/19 13:50,69,R,,R,No good scales,
CK162,Chinook,7/25/19 13:55,67,0.2,3,0.2,,
CK163,Chinook,7/25/19 13:58,62,0.2,2,0.2,,
,,,,,,,,
CK165,Chinook,7/25/19 14:09,66,0.2,3,0.2,maybe 1.2-AMC,
CK166,Chinook,7/25/19 14:15,76,0.3,2,0.3,,
CK167,Chinook,7/25/19 14:19,67,0.2,4,0.2,,
CK168,Chinook,7/25/19 14:27,70,0.2,3,0.2,,
CK169,Chinook,7/25/19 14:31,92,0.3,3,0.3,,
CK170,Chinook,7/25/19 14:35,79,R,,R,No good scales,
CK171,Chinook,7/25/19 15:24,67,0.2,4,0.2,,
CK172,Chinook,7/25/19 15:57,83,R,,R,regen scale,
CK173,Chinook,7/25/19 16:00,78,0.3,4,0.3,,
CK174,Chinook,7/25/19 16:05,78,0.3,4,0.3,,
CK175,Chinook,7/25/19 16:09,72,0.2,2,R,,
CK176,Chinook,7/25/19 16:13,60,0.2,4,0.2,,
CK177,Chinook,7/25/19 16:17,72,0.3,4,0.3,,
CK178,Chinook,7/25/19 16:28,76,0.2,4,0.2,,
CK179,Chinook,7/25/19 16:33,79,0.3,4,0.3,,
CK180,Chinook,7/25/19 16:47,69,0.2,1,R,,
CK181,Chinook,7/25/19 16:51,78,0.3,4,0.3,,
CK182,Chinook,7/25/19 17:00,72,0.3,3,0.3,,
CK183,Chinook,7/25/19 17:06,63,R,,R,,
CK184,Chinook,7/25/19 17:17,71,0.2,2,0.2,,
CK185,Chinook,7/25/19 19:03,73,0.2,3,0.2,,
CK186,Chinook,7/25/19 19:08,82,R,,R,,
CK187,Chinook,7/25/19 19:28,63,0.2,4,0.2,,
CK188,Chinook,7/25/19 19:34,83,R,,R,,
CK189,Chinook,7/25/19 21:05,64,R,,R,,
CK190,Chinook,8/14/19 14:39,63,R,,R,,
CK191,Chinook,8/14/19 14:50,77,R,,R,,
CK192,Chinook,8/14/19 15:19,76,0.2,4,0.2,,
CK193,Chinook,8/14/19 15:51,74,0.2,4,0.2,,
CK194,Chinook,8/14/19 18:18,80,R,,R,,
CK195,Chinook,8/14/19 21:36,78,0.3,4,0.3,,
CK196,Chinook,8/14/19 21:57,77,0.3,4,0.3,,
CK197,Chinook,8/14/19 22:17,77,R,,R,,
CK198,Chinook,8/15/19 14:49,88,R,,R,,
CK199,Chinook,8/15/19 15:48,66,0.2,2,0.3,x,
CK200,Chinook,8/15/19 16:36,78,0.3,2,0.4,x,
CK201,Chinook,8/15/19 16:40,55,0.2,4,0.2,,
CK202,Chinook,8/15/19 17:13,82,0.3,4,0.3,,
CK203,Chinook,8/15/19 17:18,80,0.3,3,0.3,,
CK204,Chinook,8/15/19 17:23,87,R,,R,,
CK205,Chinook,8/15/19 17:34,70,0.2,4,0.2,,
CK206,Chinook,8/15/19 18:42,61,0.2,4,0.2,,
CK207,Chinook,8/15/19 18:52,61,R,,R,,
CK208,Chinook,8/15/19 19:28,77,1.2,3,1.2,,
CK209,Chinook,8/15/19 20:27,65,R,,R,,
CK210,Chinook,8/15/19 22:08,80,0.3,2,0.3,,
CK211,Chinook,8/15/19 22:15,81,0.3,4,0.3,,
CK212,Chinook,8/15/19 22:23,75,0.3,4,0.3,,
CK213,Chinook,8/15/19 22:40,62,0.2,4,0.2,,
CK214,Chinook,8/15/19 22:55,53,0.1,3,0.1,,
,,,,,,,,
CK216,Chinook,8/16/19 14:34,65,1.1,3,1.1,x,
CK217,Chinook,8/16/19 14:56,80,0.3,4,0.3,,
CK218,Chinook,8/16/19 14:59,62,R,,R,,
CK219,Chinook,8/16/19 15:36,80,0.3,4,0.3,,
CK220,Chinook,8/16/19 16:10,71,0.3,4,0.3,,
CK221,Chinook,8/16/19 17:04,72,0.2,4,0.2,,
,,,,,,,,
CK223,Chinook,8/16/19 18:00,79,0.3,4,0.3,,
CK224,Chinook,8/16/19 18:18,79,0.3,4,0.3,,
CK225,Chinook,8/16/19 18:32,54,0.2,4,0.2,,
CK226,Chinook,8/16/19 19:00,77,0.3,3,0.3,R-AMC,
CK227,Chinook,8/16/19 19:53,76,R,,R,,
CK228,Chinook,8/16/19 19:57,76,0.3,4,0.3,,
CK229,Chinook,8/16/19 20:52,70,0.2,4,0.2,,
CK230,Chinook,8/16/19 22:00,83,0.3,4,0.3,,
CK231,Chinook,8/23/19 15:52,60,0.2,3,0.2,,
CK232,Chinook,8/23/19 15:56,66,0.2,3,0.2,,
CK233,Chinook,8/23/19 16:02,55,0.2,4,0.2,,
,,,,,,,,
CK235,Chinook,8/23/19 16:12,57,R,,R,,
CK236,Chinook,8/23/19 16:19,61,R,,R,,
CK237,Chinook,8/23/19 16:24,62,0.2,4,0.2,,
CK238,Chinook,8/23/19 16:31,60,0.2,4,0.2,,
CK239,Chinook,8/23/19 16:35,60,0.2,4,0.2,,
CK240,Chinook,8/23/19 16:40,54,0.1,4,0.1,,
CK241,Chinook,8/23/19 16:45,64,0.2,4,0.2,,
CK242,Chinook,8/23/19 16:52,72,1.2,2,,x,
CK243,Chinook,8/23/19 17:02,63,R,,,,
CK244,Chinook,8/23/19 17:08,73,0.2,4,,,
CK245,Chinook,8/23/19 17:27,65,R,,,,
CK246,Chinook,8/23/19 18:25,63,0.2,4,,,
CK247,Chinook,8/23/19 19:00,80,0.3,4,,,
CK248,Chinook,8/23/19 19:04,74,0.3,3,,,
CK249,Chinook,8/23/19 19:35,63,0.2,3,0.2,,
CK250,Chinook,8/23/19 20:04,73,0.3,4,,,
CK251,Chinook,8/23/19 20:12,62,0.2,4,,,
CK252,Chinook,8/23/19 20:19,81,0.3,4,,,
CK253,Chinook,8/23/19 20:22,58,R,,,,
CK254,Chinook,8/23/19 20:32,84,0.3,4,,,
CK255,Chinook,8/23/19 20:47,72,0.3,2,,x,
CK256,Chinook,8/23/19 20:52,91,0.3,4,,,
CK257,Chinook,8/23/19 21:01,82,0.3,3,,x,
CK258,Chinook,8/23/19 21:16,65,R,,,,
CK259,Chinook,8/23/19 21:34,84,0.3,4,,,
CK260,Chinook,8/23/19 23:04,69,R,,,,
CK261,Chinook,8/23/19 23:11,78,0.3,2,,,
CK262,Chinook,8/24/19 0:21,85,0.3,4,,,
CK263,Chinook,8/24/19 0:33,73,0.3,3,,,
CK264,Chinook,8/24/19 0:53,63,0.2,4,,,
CK265,Chinook,8/24/19 1:01,70,0.3,2,,,
CK266,Chinook,8/24/19 14:03,57,R,,,,
CK267,Chinook,8/24/19 14:30,87,0.3,4,,,
CK268,Chinook,8/24/19 15:23,81,R,,,,
CK269,Chinook,8/24/19 15:32,75,0.3,3,,,
CK270,Chinook,8/24/19 15:47,60,0.2,4,,,
CK271,Chinook,8/24/19 15:51,70,0.2,3,,,
CK272,Chinook,8/24/19 15:54,67,0.2,3,,,
CK273,Chinook,8/24/19 15:57,65,R,,,,
CK274,Chinook,8/24/19 16:11,65,R,,,,
CK275,Chinook,8/24/19 16:27,63,0.2,3,,,
CK276,Chinook,8/24/19 16:40,51,0.2,3,,,
CK277,Chinook,8/24/19 16:45,61,0.2,4,,,
CK278,Chinook,8/24/19 17:28,76,0.2,2,,,
CK279,Chinook,8/24/19 17:40,76,0.2,2,0.2,maybe 1.2,
CK280,Chinook,8/24/19 17:46,55,0.2,4,,,
CK281,Chinook,8/24/19 18:02,65,0.2,3,0.2,,
CK282,Chinook,8/24/19 18:04,63,0.2,4,,,
CK283,Chinook,8/24/19 18:09,65,R,,,,
CK284,Chinook,8/24/19 18:14,63,0.2,4,0.2,,
CK285,Chinook,NA,59,R,,,,
CK286,Chinook,8/24/19 18:27,59,0.2,3,,,
CK287,Chinook,8/24/19 18:30,68,R,,,,
CK288,Chinook,8/24/19 18:37,71,0.2,3,0.2,,
CK289,Chinook,8/24/19 18:39,66,0.2,2,,,
CK290,Chinook,8/24/19 20:35,70,0.2,2,,,
CK291,Chinook,8/24/19 20:39,66,0.2,3,,,
CK292,Chinook,8/24/19 20:43,72,0.2,3,,,
CK293,Chinook,8/24/19 20:46,74,0.2,3,,,
CK295,Chinook,7/3/20 14:19,65,0.2,2,,,
CK296,Chinook,7/3/20 18:26,68,0.2,2,,,
CK297,Chinook,7/3/20 19:56,70,0.2,2,,,
CK298,Chinook,7/3/20 20:19,86,0.3,3,,,
CK299,Chinook,7/4/20 16:08,63,0.3,3,,,
CK300,Chinook,7/4/20 17:12,69,0.2,2,,,
CK301,Chinook,7/4/20 17:49,82,0.3,3,,,
CK302,Chinook,7/4/20 18:06,67,0.2,2,0.2,,
CK303,Chinook,7/4/20 18:12,78,0.3,4,,,
CK304,Chinook,7/4/20 18:17,82,0.3,4,,,
CK305,Chinook,7/4/20 18:43,60,0.2,3,,,
CK306,Chinook,7/4/20 18:57,68,R,,,,
CK307,Chinook,7/4/20 21:17,86,0.3,4,,,
,,,,,,,,
CK309,Chinook,7/4/20 21:27,56,0.2,3,,,
CK310,Chinook,7/4/20 21:34,86,0.3,2,,,
CK311,Chinook,7/4/20 21:41,74,0.2,1,1.2,,
CK312,Chinook,7/4/20 21:51,87,R,,,,
CK313,Chinook,7/4/20 22:26,43,0.1,4,,,
CK314,Chinook,7/5/20 15:45,77,0.2,3,,,
CK315,Chinook,7/5/20 17:37,79,0.3,3,,,
CK316,Chinook,7/5/20 18:24,72,0.2,1,,,
CK317,Chinook,7/5/20 18:58,78,1.2,3,1.2,,
CK318,Chinook,7/5/20 19:03,68,0.2,4,,,
CK319,Chinook,7/5/20 19:40,79,1.2,1,1.2,,
CK320,Chinook,7/5/20 19:44,66,R,,,,
CK321,Chinook,7/5/20 19:54,69,0.2,3,,,
CK322,Chinook,7/5/20 19:59,76,1.2,2,1.2,,
CK323,Chinook,7/5/20 20:18,81,0.2,1,R,,
CK324,Chinook,7/5/20 20:31,74,0.3,4,,,
CK325,Chinook,7/5/20 21:03,82,0.3,4,,,
CK326,Chinook,7/5/20 21:08,53,R,,,,
CK327,Chinook,7/5/20 21:16,74,0.3,4,,,
CK328,Chinook,7/5/20 21:40,94,0.3,2,,,
CK329,Chinook,7/5/20 21:45,65,R,,,,
CK330,Chinook,7/5/20 21:59,77,R,,,,
CK331,Chinook,7/5/20 22:28,85,0.3,3,,,
CK332,Chinook,7/5/20 22:41,74,0.3,3,0.3,,
CK333,Chinook,7/6/20 14:40,60,0.2,4,,,
CK334,Chinook,7/6/20 14:58,66,1.2,1,1.2,,
CK335,Chinook,7/6/20 15:02,60,1.2,3,1.2,Doesn't really look like freshwater but sort of like resevoir type,
CK336,Chinook,7/6/20 15:05,59,0.2,4,,,
CK337,Chinook,7/6/20 15:10,82,0.3,4,,,
CK338,Chinook,7/6/20 15:15,73,0.2,1,0.2,,
CK339,Chinook,7/6/20 15:20,61,0.2,2,,,
CK340,Chinook,7/6/20 15:22,56,R,,,,
CK341,Chinook,7/6/20 15:38,76,0.3,4,,,
CK342,Chinook,7/6/20 15:43,51,R,,,,
CK343,Chinook,7/6/20 19:35,71,0.3,4,,,
CK344,Chinook,7/6/20 20:06,79,0.3,4,,,
CK345,Chinook,7/7/20 14:19,63,0.2,2,,,
CK346,Chinook,7/7/20 15:02,54,0.2,2,0.2,,
CK347,Chinook,7/7/20 15:21,63,0.2,3,,,
CK348,Chinook,7/7/20 16:57,71,0.2,1,0.2,,
CK349,Chinook,7/7/20 19:24,67,0.2,4,,,
CK350,Chinook,7/7/20 19:57,79,0.4,1,0.4,,
CK351,Chinook,7/7/20 20:53,69,0.2,3,,,
CK352,Chinook,7/7/20 21:08,73,0.3,3,0.3,,
CK353,Chinook,7/7/20 21:43,65,0.2,4,,,
CK354,Chinook,7/7/20 21:48,78,0.2,3,,,
CK355,Chinook,7/7/20 21:53,55,R,,,,
CK356,Chinook,7/7/20 22:15,71,1.2,1,R,,
CK357,Chinook,7/7/20 22:38,63,0.2,4,,,
CK358,Chinook,7/24/20 14:16,84,0.3,4,,,
CK359,Chinook,7/24/20 14:20,77,R,,,,
CK360,Chinook,7/24/20 15:57,70,R,,,,
CK361,Chinook,7/24/20 16:03,71,0.2,3,0.2,,
CK362,Chinook,7/24/20 16:09,76,0.3,3,,,
CK363,Chinook,7/24/20 16:49,68,0.2,4,,,
CK364,Chinook,7/24/20 16:54,66,0.2,4,0.2,,
CK365,Chinook,7/24/20 17:57,79,0.3,4,,,
CK366,Chinook,7/24/20 19:52,72,R,,,,
CK367,Chinook,7/24/20 23:35,61,0.2,4,,,
CK368,Chinook,7/25/20 16:17,65,0.2,4,,,
CK369,Chinook,7/25/20 16:42,51,0.2,3,,,
CK370,Chinook,7/25/20 16:46,67,0.2,1,0.2,,
CK371,Chinook,7/25/20 16:51,77,1.2,2,1.2,,
CK372,Chinook,7/25/20 16:54,55,R,,,,
CK373,Chinook,7/25/20 17:05,66,R,,,,
CK374,Chinook,7/25/20 17:30,74,0.2,2,,,
CK375,Chinook,7/25/20 17:35,75,0.2,2,,,
CK376,Chinook,7/25/20 17:56,77,0.3,3,,,
,,,,,,,,
CK378,Chinook,7/25/20 18:30,79,0.3,3,,,
,,,,,,,,
CK380,Chinook,7/26/20 14:28,72,0.3,2,,,
CK381,Chinook,7/26/20 15:33,47,0.1,3,,,
CK382,Chinook,NA,52,0.2,3,,,
CK383,Chinook,7/26/20 16:03,63,0.2,3,,,
CK384,Chinook,7/26/20 18:09,67,0.2,2,,,
CK385,Chinook,7/26/20 18:19,80,0.3,3,,,
CK386,Chinook,7/26/20 19:28,52,1.1,2,0.1,,
CK387,Chinook,7/26/20 20:19,61,R,,,,
CK388,Chinook,7/26/20 20:30,82,0.3,4,,,
CK389,Chinook,7/26/20 20:34,61,0.2,4,,,
CK390,Chinook,7/26/20 20:55,48,,,,,
CK391,Chinook,7/26/20 21:00,64,0.2,3,,,
CK392,Chinook,7/26/20 21:03,68,0.2,4,,,
CK393,Chinook,7/26/20 22:07,57,0.2,3,,,
CK394,Chinook,7/26/20 22:33,49,0.1,3,,,
,,,,,,,,
,,,,,,,,
CK397,Chinook,8/27/20 15:42,63,0.2,2,,,
CK398,Chinook,8/27/20 15:53,49,0.1,4,,,
CK399,Chinook,8/27/20 15:59,47,0.1,4,,,
CK400,Chinook,8/27/20 16:11,52,0.1,3,,,
CK401,Chinook,8/27/20 16:40,49,0.1,3,,,
CK402,Chinook,8/27/20 16:43,46,0.1,3,,,
,,,,,,,,
,,,,,,,,
CK405,Chinook,8/27/20 17:51,52,0.2,4,,,
CK406,Chinook,8/27/20 17:50,62,0.2,3,,,
CK407,Chinook,8/27/20 18:42,75,0.2,2,0.2,,
CK408,Chinook,8/27/20 19:15,55,R,,,,
CK409,Chinook,8/27/20 19:22,50,R,,,,
CK410,Chinook,8/27/20 19:27,45,0.1,3,,,
CK411,Chinook,8/27/20 19:32,49,0.1,4,,,
CK412,Chinook,8/27/20 20:02,60,R,,,,
CK413,Chinook,8/27/20 20:07,51,0.1,2,,,
CK414,Chinook,8/27/20 20:13,57,0.2,3,0.2,,
CK415,Chinook,8/27/20 20:19,53,0.1,2,,,
CK416,Chinook,8/27/20 21:04,58,0.2,4,,,
CK417,Chinook,8/27/20 21:23,56,0.2,4,,,
,,,,,,,,
CK419,Chinook,8/27/20 21:50,59,1.1,2,1.1,,
CK420,Chinook,8/27/20 21:57,46,0.1,3,,,
CK421,Chinook,8/27/20 22:06,51,0.1,3,,,
CK422,Chinook,8/27/20 22:16,60,0.2,3,,,
CK423,Chinook,8/27/20 22:21,52,0.1,4,,,
CK424,Chinook,8/27/20 22:27,57,0.1,2,,,
CK425,Chinook,8/27/20 22:31,53,0.2,3,,"error, wrong cell data? Cell 26-30?",
CK426,Chinook,8/27/20 23:02,78,0.3,3,,"error, wrong cell data? Cell 31-35?",
CK427,Chinook,8/27/20 23:12,65,0.2,2,,"error, wrong cell data? Cell 36-40?",
CK428,Chinook,8/28/20 15:06,79,1.2,2,0.3,,
CK429,Chinook,8/28/20 15:28,54,0.2,3,,,
CK430,Chinook,8/28/20 15:31,57,R,,,,
CK431,Chinook,8/28/20 15:36,52,0.1,2,,,
CK432,Chinook,8/28/20 16:05,78,1.2,2,0.3,,
CK433,Chinook,8/28/20 16:12,55,0.1,3,,,
CK434,Chinook,8/28/20 16:48,53,0.2,2,0.2,,
CK435,Chinook,8/28/20 17:10,56,R,,,,
CK436,Chinook,8/28/20 17:40,62,0.2,3,,,
CK437,Chinook,8/28/20 17:56,52,0.1,2,,,
CK438,Chinook,8/28/20 18:02,51,0.1,3,,,
CK439,Chinook,8/28/20 18:10,54,0.2,4,,,
CK440,Chinook,8/28/20 18:08,60,0.2,3,,,
CK441,Chinook,8/28/20 18:29,68,0.2,3,,,
CK442,Chinook,8/28/20 18:57,74,0.2,1,,,
CK443,Chinook,8/28/20 19:00,61,1.1,4,1.1,,
CK444,Chinook,8/28/20 19:56,61,1.1,3,,,
CK445,Chinook,8/28/20 20:21,79,0.3,3,,,
CK446,Chinook,8/28/20 20:24,57,0.2,4,0.2,,
CK447,Chinook,8/28/20 21:35,48,R,,,,
CK448,Chinook,8/28/20 22:17,61,R,,,,
CK449,Chinook,8/28/20 22:22,53,R,,,,
CK450,Chinook,8/31/20 15:26,87,0.3,4,,,
CK451,Chinook,8/31/20 18:35,59,0.2,3,,,
CK452,Chinook,8/31/20 20:17,60,R,,,,
CK453,Chinook,8/31/20 22:55,90,0.3,3,,,
CK454,Chinook,8/31/20 23:50,75,0.2,3,0.2,,
CK455,Chinook,8/31/20 23:54,69,0.2,4,,,
CK456,Chinook,9/1/20 14:26,77,0.2,2,,,
CK457,Chinook,9/1/20 17:01,81,R,,,all regen,
CK458,Chinook,9/1/20 18:00,67,0.2,3,,,
CK459,Chinook,9/1/20 19:43,70,0.2,3,,,
CK460,Chinook,9/1/20 20:53,70,0.2,3,,,
CK461,Chinook,9/8/20 15:13,65,R,,,,
CK462,Chinook,9/8/20 15:28,50,R,,,,
CK463,Chinook,9/8/20 17:13,64,R,,,,
CK464,Chinook,9/8/20 17:17,78,R,,,all regen,
CK465,Chinook,9/8/20 18:51,55,R,,,,
CK466,Chinook,NA,61,0.2,4,,,
CK467,Chinook,9/8/20 19:22,58,0.2,3,,,
CK468,Chinook,9/8/20 19:27,56,0.1,2,,,
CK469,Chinook,9/8/20 19:30,64,0.2,3,,,
CK470,Chinook,9/8/20 19:37,81,0.3,4,,,
CK471,Chinook,9/8/20 19:44,60,0.2,4,,,
CK472,Chinook,9/8/20 19:48,49,0.1,4,,,
CK473,Chinook,9/8/20 19:52,51,0.1,4,,,
CK474,Chinook,9/8/20 20:08,65,0.2,4,,,
CK475,Chinook,9/8/20 20:18,62,0.2,3,,,
CK476,Chinook,9/8/20 20:24,69,R,,,,
CK477,Chinook,9/8/20 20:33,58,0.2,3,,,
CK478,Chinook,9/8/20 20:50,57,0.1,4,,,
CK479,Chinook,9/8/20 20:52,52,0.1,4,,,
CK480,Chinook,9/8/20 20:58,48,R,,,,
CK481,Chinook,9/8/20 21:02,59,0.1,3,,,
CK482,Chinook,9/8/20 21:06,68,0.2,3,,,
CK483,Chinook,9/8/20 21:23,49,0.1,2,,,
CK484,Chinook,9/8/20 21:28,57,0.1,3,,,
CK485,Chinook,9/8/20 21:32,58,0.1,3,,,
CK486,Chinook,9/8/20 21:36,62,0.2,3,,,
CK487,Chinook,9/8/20 21:45,74,R,,,,
CK488,Chinook,9/8/20 22:22,61,0.2,3,,,
CK489,Chinook,9/8/20 22:35,64,0.2,4,,,
CK490,Chinook,9/8/20 22:58,59,0.2,4,,,
CK491,Chinook,9/9/20 15:05,62,0.2,3,,,
CK492,Chinook,9/9/20 15:10,64,0.2,4,,,
CK493,Chinook,9/9/20 15:14,55,0.1,4,,,
CK494,Chinook,9/9/20 15:23,56,R,,,,
CK495,Chinook,9/9/20 15:20,75,R,,,,
CK496,Chinook,9/9/20 15:38,48,0.1,4,,,
CK497,Chinook,9/9/20 15:41,49,0.1,4,,,
CK498,Chinook,9/9/20 15:45,53,R,,,,
CK499,Chinook,9/9/20 15:58,50,0.1,3,,,
CK500,Chinook,9/9/20 16:15,60,R,,,,
,,,,,,,,
CK502,Chinook,9/9/20 16:49,49,0.1,4,,,
,,,,,,,,
CK504,Chinook,9/9/20 18:08,50,0.1,3,,,
CK505,Chinook,9/9/20 18:19,59,0.2,2,0.2,,
CK506,Chinook,9/9/20 18:25,56,1.1,2,1.1,,
CK507,Chinook,9/9/20 18:34,48,0.1,4,,,
CK508,Chinook,NA,52,0.1,2,,,
CK509,Chinook,9/9/20 19:24,40,0.1,4,,,
CK510,Chinook,9/9/20 19:43,66,0.2,3,,,
CK511,Chinook,9/9/20 19:50,70,0.2,3,,,
CK512,Chinook,9/9/20 19:54,72,0.2,3,,,
CK513,Chinook,9/9/20 21:03,52,0.2,1,0.2,,
CK514,Chinook,4/30/21 15:59,71,1.2,3,1.2,,
CK515,Chinook,4/30/21 19:50,60,0.2,3,,,
CK516,Chinook,4/30/21 20:17,81,0.3,2,,,
CK517,Chinook,4/30/21 20:29,52,0.2,3,,,
CK518,Chinook,5/10/21 14:54,52,0.2,4,,,
CK519,Chinook,5/10/21 14:57,55,0.2,4,,,
CK520,Chinook,5/10/21 15:04,65,R,,,,
CK521,Chinook,5/10/21 15:08,62,R,,,,
CK522,Chinook,5/10/21 15:14,54,R,,,,
CK523,Chinook,5/10/21 15:18,64,R,,,,
CK524,Chinook,5/10/21 15:28,69,R,,,,
CK525,Chinook,5/10/21 15:32,58,0.2,3,,,
CK526,Chinook,5/10/21 15:35,57,0.2,2,,,
CK527,Chinook,5/10/21 15:42,68,0.2,2,0.2,,
CK528,Chinook,5/10/21 15:46,65,0.3,2,,,
CK529,Chinook,5/10/21 16:04,67,R,,,,
CK530,Chinook,5/10/21 16:09,58,0.2,4,,,
CK531,Chinook,5/10/21 16:19,69,R,,,,
CK532,Chinook,5/10/21 16:46,60,0.2,4,,,
CK533,Chinook,5/10/21 17:13,63,R,,,,
CK534,Chinook,5/10/21 17:55,73,0.2,4,,,
CK535,Chinook,NA,67,R,,,,
CK536,Chinook,5/10/21 18:20,58,0.2,4,,,
CK537,Chinook,NA,58,0.2,4,,,
CK538,Chinook,5/10/21 20:21,87,0.4,2,,,
CK539,Chinook,5/10/21 21:03,73,0.3,4,0.3,,
CK540,Chinook,5/10/21 21:10,80,0.3,3,,,
CK541,Chinook,5/10/21 21:13,64,0.2,2,,,
,,,,,,,,
CK543,Chinook,5/10/21 21:27,58,0.2,4,,,
CK544,Chinook,5/10/21 21:31,73,0.4,3,0.4,,
CK545,Chinook,5/10/21 21:54,76,0.3,3,,,
CK546,Chinook,5/10/21 22:14,70,R,,,,
,,,,,,,,
CK548,Chinook,5/10/21 22:39,64,0.2,3,,,
CK549,Chinook,5/11/21 23:09,65,0.2,4,,,
CK550,Chinook,5/10/21 14:46,64,0.2,4,,,
CK551,Chinook,5/11/21 16:23,73,0.3,4,,,
CK552,Chinook,5/11/21 16:31,66,0.2,4,,,
CK553,Chinook,5/11/21 23:10,81,0.3,2,0.4,x,
CK554,Chinook,5/12/21 15:14,64,0.2,4,,,
CK555,Chinook,5/12/21 15:18,64,R,,,,
CK556,Chinook,5/12/21 15:24,58,0.2,4,,,
CK557,Chinook,5/12/21 15:42,67,0.2,4,,,
CK558,Chinook,5/12/21 16:02,66,0.2,3,,,
CK559,Chinook,5/12/21 16:12,82,0.3,3,,,
CK560,Chinook,5/12/21 16:15,60,0.2,1,,,
CK561,Chinook,5/12/21 16:21,52,0.2,4,,,
CK562,Chinook,5/12/21 16:33,52,0.2,4,0.2,,
CK563,Chinook,5/12/21 16:44,52,0.2,2,x,,
CK564,Chinook,5/12/21 16:51,61,0.2,4,,,
CK565,Chinook,5/12/21 18:10,65,0.2,3,,,
CK566,Chinook,5/12/21 19:59,67,0.2,4,,,
CK567,Chinook,5/12/21 20:03,63,0.2,4,,,
CK568,Chinook,5/12/21 22:19,60,0.2,3,,,
CK569,Chinook,5/12/21 23:03,62,0.2,4,,,
CK570,Chinook,5/29/21 16:13,68,R,,,,
CK571,Chinook,5/29/21 16:28,71,R,,,,
CK572,Chinook,5/29/21 17:02,64,0.2,4,,,
CK573,Chinook,5/29/21 17:30,72,0.3,3,,,
CK574,Chinook,5/29/21 17:49,75,0.3,3,,,
CK575,Chinook,5/29/21 19:42,81,0.4,1,0.3,,
CK576,Chinook,5/29/21 20:06,64,0.3,3,,,
CK577,Chinook,5/29/21 20:34,72,0.3,2,,,
CK578,Chinook,5/29/21 21:31,81,0.3,3,,,
CK579,Chinook,5/29/21 21:43,47,0.2,3,0.2,,
CK580,Chinook,NA,50,0.2,3,,,
CK581,Chinook,5/30/21 17:36,54,0.2,3,,,
CK582,Chinook,5/30/21 18:17,53,0.2,3,,,
CK583,Chinook,5/30/21 18:59,54,0.2,3,,,
CK584,Chinook,5/30/21 20:42,59,0.2,1,,,
CK585,Chinook,5/30/21 21:11,69,0.3,2,,,
CK586,Chinook,5/30/21 22:05,50,0.2,2,,,
CK587,Chinook,5/30/21 22:24,67,0.2,4,,,
CK588,Chinook,5/31/21 13:20,62,0.2,4,,,
CK589,Chinook,5/31/21 13:31,66,0.2,4,,,
CK590,Chinook,5/31/21 13:40,62,0.3,3,,,
CK591,Chinook,5/31/21 13:47,63,0.2,2,,,
CK592,Chinook,5/31/21 13:51,56,0.3,1,,,
CK593,Chinook,5/31/21 13:56,66,0.2,3,,,
CK594,Chinook,5/31/21 13:59,52,R,,,all regen,
CK595,Chinook,5/31/21 14:43,50,0.2,3,,,
CK596,Chinook,5/31/21 15:11,57,R,,,,
CK597,Chinook,5/31/21 16:07,58,0.2,3,,,
CK598,Chinook,5/31/21 16:59,64,0.2,3,,,
CK599,Chinook,5/31/21 17:04,62,0.2,1,,,
CK600,Chinook,5/31/21 17:47,63,0.2,4,,,
CK601,Chinook,5/31/21 18:00,53,R,,,,
CK602,Chinook,5/31/21 18:31,57,0.2,4,,,
CK603,Chinook,5/31/21 18:55,65,0.2,3,,,
CK604,Chinook,5/31/21 19:01,59,R,,,,
CK605,Chinook,5/31/21 19:20,57,0.2,4,,,
CK606,Chinook,5/31/21 19:26,55,0.2,4,,,
CK607,Chinook,5/31/21 20:05,50,0.2,3,,,
CK608,Chinook,5/31/21 20:14,64,0.2,4,,,
CK609,Chinook,5/31/21 20:35,63,0.2,4,,,
CK610,Chinook,5/31/21 20:42,72,0.2,3,0.2,,
CK611,Chinook,5/31/21 20:48,56,0.2,4,,,
CK612,Chinook,5/31/21 20:59,82,R,,,,
CK613,Chinook,5/31/21 21:19,66,0.2,2,,,
CK614,Chinook,5/31/21 21:24,80,0.3,2,0.3,,
CK615,Chinook,5/31/21 21:26,55,0.2,2,,,
CK616,Chinook,5/31/21 21:50,68,0.2,2,0.2,,
CK617,Chinook,5/31/21 22:44,79,1.2,3,1.2,,
CK618,Chinook,5/31/21 22:51,59,0.2,2,,,
CK619,Chinook,6/16/21 16:13,57,0.2,1,,,
CK620,Chinook,6/16/21 16:39,65,1.2,1,x,Too regenerated  for me to call this one,
CK621,Chinook,6/16/21 16:44,63,0.2,4,,,
CK622,Chinook,6/16/21 16:48,56,0.2,4,,,
CK623,Chinook,6/16/21 17:51,76,0.3,2,,,
CK624,Chinook,6/16/21 21:14,77,0.3,2,,,
CK625,Chinook,6/17/21 13:21,94,1.3,2,x,I'd like to see whole scale probably 1.3,
CK626,Chinook,6/17/21 13:25,57,R,,,,
CK627,Chinook,6/17/21 13:31,55,0.2,4,,,
CK628,Chinook,6/17/21 13:39,72,0.3,3,,,
CK629,Chinook,6/17/21 13:55,65,1.2,2,1.2,kinda look like wild 1.2 but the freshwater annulus is really few circulli,
CK630,Chinook,6/17/21 14:00,54,R,,,,
CK631,Chinook,6/17/21 14:06,56,0.2,3,,,
CK632,Chinook,6/17/21 14:21,71,0.2,3,,,
CK633,Chinook,6/17/21 14:25,55,0.2,4,,,
CK634,Chinook,6/17/21 15:00,65,0.2,2,,,
CK635,Chinook,6/17/21 15:46,79,1.2,4,1.2,,
CK636,Chinook,6/17/21 17:39,82,1.2,4,1.2,,
CK637,Chinook,6/17/21 17:43,81,0.3,3,,,
CK638,Chinook,6/17/21 20:06,65,0.2,4,,,
CK639,Chinook,6/17/21 20:27,69,0.2,4,0.2,,
CK640,Chinook,6/17/21 20:49,69,R,,,,
CK641,Chinook,6/17/21 21:26,57,0.2,3,,,
CK642,Chinook,6/17/21 21:30,66,0.2,4,,,
CK643,Chinook,6/17/21 21:42,70,0.2,2,0.2,,
CK644,Chinook,6/17/21 21:50,64,0.2,4,,,
CK645,Chinook,6/17/21 21:55,53,0.2,4,,,
CK646,Chinook,6/17/21 22:05,66,0.2,2,,,
CK647,Chinook,6/17/21 22:08,58,0.2,3,,,
CK648,Chinook,6/17/21 22:13,69,0.2,2,0.2,,
CK649,Chinook,6/17/21 22:16,59,0.2,4,,,
CK650,Chinook,6/17/21 22:27,59,0.2,3,,,
CK651,Chinook,6/18/21 13:04,54,0.2,4,,,
CK652,Chinook,6/18/21 13:25,61,0.2,2,,,
CK653,Chinook,6/18/21 13:28,62,0.2,4,,,
CK654,Chinook,6/18/21 13:34,59,0.2,3,,,
CK655,Chinook,6/18/21 13:36,57,0.2,3,,,
CK656,Chinook,6/18/21 13:46,63,0.2,3,,,
CK657,Chinook,6/18/21 13:53,61,0.2,4,,,
CK658,Chinook,6/18/21 13:58,65,0.2,2,,,
CK659,Chinook,6/18/21 14:02,65,0.2,4,,,
CK660,Chinook,6/18/21 14:20,74,0.2,2,0.2,regenerated,
CK661,Chinook,6/18/21 14:28,58,0.2,3,,,
CK662,Chinook,6/18/21 14:33,62,R,,,,
CK663,Chinook,6/18/21 14:42,58,0.2,3,,,
CK664,Chinook,6/18/21 14:46,67,0.2,4,,,
CK665,Chinook,6/18/21 15:11,56,0.2,3,,,
CK666,Chinook,6/18/21 15:17,78,0.3,4,,,
CK667,Chinook,6/18/21 15:34,53,0.2,1,,,
CK668,Chinook,6/18/21 15:42,57,0.2,3,,,
CK669,Chinook,6/18/21 15:54,59,0.2,3,,,
CK670,Chinook,6/18/21 17:49,65,0.2,2,0.2,,
CK671,Chinook,6/18/21 17:59,60,0.2,4,,,
CK672,Chinook,6/18/21 18:21,73,0.2,2,,,
CK673,Chinook,6/18/21 18:39,62,R,,,,
CK674,Chinook,6/18/21 18:43,68,R,,,,
CK675,Chinook,6/18/21 18:49,73,1.2,1,1.2,This looks like a wild yearling pattern to me,
CK676,Chinook,6/18/21 19:08,66,0.2,3,,,
CK677,Chinook,6/18/21 19:16,63,0.2,3,,,
CK678,Chinook,6/18/21 19:21,62,0.2,3,,,
CK679,Chinook,6/18/21 19:29,71,R,,,,
CK680,Chinook,6/18/21 19:32,68,0.3,2,0.3,wierd one..2.2?,
CK681,Chinook,6/18/21 19:35,69,0.3,2,0.3,,
CK682,Chinook,6/18/21 20:13,60,R,,,,
CK683,Chinook,6/18/21 20:22,70,0.2,2,0.2,,
CK684,Chinook,6/18/21 20:58,66,0.2,3,,,
CK685,Chinook,6/18/21 21:04,55,0.2,4,,,
CK686,Chinook,6/18/21 22:14,76,0.3,2,,,
CK687,Chinook,7/15/21 13:36,57,0.2,3,,,
CK688,Chinook,7/15/21 13:53,64,R,,,,
CK689,Chinook,7/15/21 14:24,49,0.2,2,,,
CK690,Chinook,7/15/21 14:29,51,0.2,2,,,
CK691,Chinook,7/15/21 14:44,56,0.2,4,,,
CK692,Chinook,7/15/21 14:48,55,0.2,4,,,
CK693,Chinook,7/15/21 14:57,54,0.2,2,,,
CK694,Chinook,7/15/21 15:14,60,0.2,3,0.2,,
CK695,Chinook,7/15/21 15:19,60,0.2,4,,,
CK696,Chinook,7/15/21 15:25,63,0.2,4,,,
CK697,Chinook,7/15/21 16:15,64,0.2,4,,,
CK698,Chinook,7/15/21 16:40,74,R,,,,
CK699,Chinook,7/15/21 17:09,73,0.2,3,,,
CK700,Chinook,7/15/21 18:08,66,0.2,3,,,
CK701,Chinook,7/15/21 18:13,65,0.2,4,,,
CK702,Chinook,7/15/21 18:31,65,R,,,,
CK703,Chinook,7/15/21 19:04,71,0.2,2,,,
CK704,Chinook,7/15/21 19:11,57,R,,,,
CK705,Chinook,7/15/21 19:16,63,0.2,3,,,
CK706,Chinook,7/15/21 19:30,55,0.2,3,,,
CK707,Chinook,7/15/21 19:36,61,0.2,3,,,
CK708,Chinook,7/15/21 20:27,56,R,,,,
CK709,Chinook,7/15/21 20:48,65,0.2,4,,,
CK710,Chinook,7/15/21 20:52,60,R,,,,
CK711,Chinook,7/15/21 21:48,59,0.2,4,,,
CK712,Chinook,7/15/21 21:52,62,0.2,4,,,
CK713,Chinook,7/15/21 21:58,68,0.2,4,,,
CK714,Chinook,7/15/21 22:07,75,0.3,3,,,
CK715,Chinook,7/15/21 22:18,80,R,,,,
CK716,Chinook,7/15/21 22:32,61,0.2,2,,,
CK717,Chinook,7/15/21 22:38,55,R,,,,
CK718,Chinook,7/15/21 22:43,64,0.2,4,,,
CK719,Chinook,7/15/21 22:50,60,0.2,4,,,
CK720,Chinook,7/15/21 23:08,62,0.2,3,,,
CK721,Chinook,7/16/21 15:38,75,0.3,2,,,
CK722,Chinook,7/16/21 15:46,51,0.2,3,,,
CK723,Chinook,7/16/21 15:51,70,0.2,3,0.2,,
CK724,Chinook,7/16/21 15:56,58,0.2,3,,,
CK725,Chinook,7/16/21 16:01,81,0.3,2,,,
CK726,Chinook,7/16/21 16:05,82,0.3,3,,,
CK727,Chinook,7/16/21 16:10,72,R,,,,
CK728,Chinook,7/16/21 16:14,75,R,,,,
CK729,Chinook,7/16/21 16:17,63,0.3,3,,,
CK730,Chinook,7/16/21 16:22,59,0.2,2,,,
CK731,Chinook,7/16/21 16:27,70,0.2,4,,,
CK732,Chinook,7/16/21 16:31,64,R,,,,
CK733,Chinook,7/16/21 16:33,67,0.2,3,,,
CK734,Chinook,7/16/21 16:36,62,0.2,3,,,
CK735,Chinook,7/16/21 16:40,68,0.2,3,,,
CK736,Chinook,7/16/21 16:43,58,R,2,R,too regenerated for me to age,
CK737,Chinook,7/16/21 17:01,69,0.3,4,,,
CK738,Chinook,7/16/21 17:23,56,0.2,3,,,
CK739,Chinook,7/16/21 17:27,62,0.2,1,0.2,,
CK740,Chinook,7/16/21 17:30,59,0.2,4,,,
CK741,Chinook,7/16/21 17:40,58,0.2,2,,,
CK742,Chinook,7/16/21 18:50,52,R,,,,
CK743,Chinook,7/16/21 20:50,55,0.2,2,0.2,,
CK744,Chinook,7/16/21 21:17,69,0.2,4,,,
CK745,Chinook,7/16/21 22:03,63,R,,,,
CK746,Chinook,7/16/21 22:36,64,0.2,4,,,
CK747,Chinook,7/17/21 15:16,64,1.2,3,1.2,,
CK748,Chinook,7/17/21 15:46,57,0.2,3,,,
CK749,Chinook,7/17/21 15:58,74,0.2,2,,,
CK750,Chinook,7/17/21 16:02,62,0.2,1,,,
CK751,Chinook,7/17/21 16:12,62,R,,,,
CK752,Chinook,7/17/21 16:19,54,0.2,4,,,
CK753,Chinook,7/17/21 16:57,75,0.2,1,,,
CK754,Chinook,7/17/21 17:32,68,0.2,4,,,
CK755,Chinook,7/17/21 17:54,74,0.3,3,0.3,,
CK756,Chinook,7/17/21 18:13,83,0.3,3,0.3,,
CK757,Chinook,7/17/21 19:25,60,0.2,4,,,
CK758,Chinook,7/17/21 19:31,57,1.2,4,1.2,,
CK759,Chinook,7/17/21 19:35,73,0.2,3,,,
CK760,Chinook,7/17/21 19:44,74,0.2,3,,,
CK761,Chinook,7/17/21 19:54,65,0.2,2,0.2,,
CK762,Chinook,7/17/21 19:58,76,R,,,all regen,
CK763,Chinook,7/17/21 20:02,67,0.2,3,,,
CK764,Chinook,7/17/21 20:05,62,R,,,,
CK765,Chinook,7/17/21 20:09,66,R,,,,
CK766,Chinook,7/17/21 20:15,72,0.3,3,,,
CK767,Chinook,7/17/21 20:21,63,0.2,4,,,
CK768,Chinook,7/17/21 20:25,75,0.3,2,,,
CK769,Chinook,7/17/21 20:38,54,1.1,1,1.1,,
CK770,Chinook,7/22/21 15:38,55,1.1,1,0.2,kinda on the fence 1.1,
CK771,Chinook,7/22/21 16:06,62,0.2,3,,,
CK772,Chinook,7/22/21 16:25,61,0.2,3,0.2,,
CK773,Chinook,7/22/21 16:32,81,R,,,,
CK774,Chinook,7/22/21 16:36,63,0.2,2,,,
CK775,Chinook,7/22/21 16:40,69,0.2,3,,,
CK776,Chinook,7/22/21 16:51,70,0.2,4,,,
CK777,Chinook,7/22/21 16:56,69,R,,,,
CK778,Chinook,7/22/21 17:18,71,0.2,3,,,
CK779,Chinook,7/22/21 17:27,78,0.3,3,0.3,,
CK780,Chinook,7/22/21 17:37,63,R,,,,
CK781,Chinook,7/22/21 17:48,72,0.2,2,0.2,,
CK782,Chinook,7/22/21 17:58,68,0.2,4,,,
CK783,Chinook,7/22/21 18:06,60,0.2,4,0.2,,
CK784,Chinook,7/22/21 19:02,73,0.2,3,0.2,,
CK785,Chinook,7/22/21 19:13,70,R,,,all regen,
CK786,Chinook,7/22/21 19:18,71,0.2,3,,,
CK787,Chinook,7/22/21 19:23,69,0.3,2,,,
CK788,Chinook,7/22/21 19:32,76,0.3,4,,,
CK789,Chinook,7/22/21 19:42,74,0.2,4,,,
CK790,Chinook,7/22/21 19:46,82,0.2,2,0.2,,
CK791,Chinook,7/22/21 20:04,67,0.2,3,,,
CK792,Chinook,7/22/21 20:07,76,0.3,3,0.3,,
CK793,Chinook,7/22/21 20:10,59,0.2,3,0.2,,
CK794,Chinook,7/22/21 20:18,59,0.2,4,,,
CK795,Chinook,7/22/21 20:24,64,R,,,,
CK796,Chinook,7/22/21 20:28,83,R,,,all regen,
CK797,Chinook,7/22/21 20:33,68,0.2,2,,,
CK798,Chinook,7/22/21 20:36,56,R,,,,
CK799,Chinook,7/22/21 20:39,78,R,,,all regen,
CK800,Chinook,7/22/21 20:47,66,R,,,all regen,
CK801,Chinook,7/22/21 20:51,64,0.2,3,,,
CK802,Chinook,7/22/21 20:56,58,0.2,2,,,
CK803,Chinook,7/22/21 21:14,64,0.2,2,,,
CK804,Chinook,7/22/21 21:23,56,0.2,4,,,
CK805,Chinook,7/22/21 21:36,78,R,,,,
CK806,Chinook,7/22/21 21:47,66,0.2,3,,,
CK807,Chinook,7/22/21 21:51,68,R,,,,
CK808,Chinook,7/22/21 21:55,72,0.2,2,,,
CK809,Chinook,7/22/21 21:59,73,0.3,2,,,
CK810,Chinook,7/22/21 22:29,80,0.2,1,0.2,,
CK811,Chinook,7/22/21 22:47,55,0.2,2,,,
CK812,Chinook,7/23/21 15:24,78,0.3,3,,,
CK813,Chinook,7/23/21 15:28,63,0.2,2,0.2,,
CK814,Chinook,7/23/21 15:41,55,R,,,,
CK815,Chinook,7/23/21 17:04,72,R,,,all regen,
CK816,Chinook,7/23/21 17:16,60,0.2,2,0.2,,
CK817,Chinook,7/23/21 18:32,55,R,,,,
CK818,Chinook,7/23/21 20:33,76,R,,,,
CK819,Chinook,7/23/21 21:18,83,0.3,4,,,
CK820,Chinook,7/23/21 21:25,79,R,1,R,too regenerated for me to age,
CK821,Chinook,7/23/21 21:29,69,0.2,1,,,
CK822,Chinook,7/23/21 21:34,78,R,,,all regen,
CK823,Chinook,7/23/21 21:40,83,0.4,2,0.4,,
CK824,Chinook,7/23/21 22:03,75,R,,,,
CK825,Chinook,7/23/21 22:15,79,0.3,2,,,
CK826,Chinook,7/23/21 22:26,71,0.2,3,,,
CK827,Chinook,7/24/21 13:38,68,0.2,3,,,
CK828,Chinook,7/24/21 15:17,60,0.2,4,,,
CK829,Chinook,7/24/21 15:19,56,R,,,,
CK830,Chinook,7/24/21 15:56,70,0.3,3,,,
CK831,Chinook,7/24/21 15:59,58,0.2,2,,,
CK832,Chinook,7/24/21 16:02,58,0.2,4,,,
CK833,Chinook,7/24/21 16:07,61,0.2,3,,,
CK834,Chinook,7/24/21 16:12,71,0.3,2,,,
CK835,Chinook,7/24/21 16:15,63,R,,,,
CK836,Chinook,7/24/21 16:20,52,0.2,3,,,
CK837,Chinook,7/24/21 16:43,55,0.2,3,,,
CK838,Chinook,7/24/21 16:46,60,0.2,3,,,
CK839,Chinook,7/24/21 17:06,58,R,,,all regen,
,,,,,,,,
CK841,Chinook,7/24/21 18:23,56,0.2,3,,,
CK842,Chinook,7/24/21 18:47,53,0.1,1,0.1,,
CK843,Chinook,7/24/21 18:52,59,0.2,3,,,
CK844,Chinook,7/24/21 18:58,67,0.2,2,,,
CK845,Chinook,7/24/21 20:12,54,0.2,1,,,
CK846,Chinook,7/24/21 20:51,59,R,,,,
CK847,Chinook,9/2/21 14:25,72,0.2,3,,,
CK848,Chinook,9/2/21 19:24,47,0.1,2,,,
CK849,Chinook,9/2/21 21:19,51,0.1,2,,,
CK850,Chinook,9/3/21 16:08,74,0.3,2,0.3,,
CK851,Chinook,9/3/21 16:30,67,R,1,R,too regenerated for me to age,
CK852,Chinook,9/3/21 17:00,67,0.2,3,,,
CK853,Chinook,9/3/21 18:16,69,R,,,,
CK854,Chinook,9/3/21 20:19,65,0.2,4,,,
CK855,Chinook,9/3/21 20:22,58,0.1,2,0.1,,
CK856,Chinook,9/3/21 20:42,68,R,3,R,too regenerated for me to age,
CK857,Chinook,9/3/21 20:54,64,R,,,,
CK858,Chinook,9/3/21 21:04,61,0.2,3,,,
CK859,Chinook,9/3/21 21:14,63,0.2,4,,,
