event,set,species,count
CT2019_006,006,yellowtail rockfish,2
CT2019_007,007,yellowtail rockfish,1
CT2019_007,007,coho,1
CT2019_008,008,yellowtail rockfish,1
CT2019_016,016,coho,3
CT2019_017,017,halibut,1
CT2019_017,017,coho,1
CT2019_018,018,coho,1
CT2019_020,020,coho,2
CT2019_021,021,coho,2
CT2019_021,021,chinook,2
CT2019_022,022,chinook,9
CT2019_022,022,coho,3
CT2019_023,023,chinook,2
CT2019_023,023,coho,3
CT2019_024,024,chinook,2
CT2019_024,024,coho,2
CT2019_025,025,chinook,1
CT2019_025,025,coho,1
CT2019_026,026,lingcod,2
CT2019_026,026,coho,1
CT2019_027,027,coho,1
CT2019_029,029,chinook,2
CT2019_029,029,lingcod,1
CT2019_031,031,chinook,1
CT2019_033,033,chinook,1
CT2019_033,033,coho,2
CT2019_034,034,chinook,1
CT2019_034,034,coho,2
CT2019_034,034,lingcod,1
CT2019_035,035,lingcod,1
CT2019_036,036,halibut,1
CT2019_037,037,yelloweye rockfish,1
CT2019_037,037,coho,3
CT2019_037,037,lingcod,1
CT2019_038,038,coho,6
CT2019_038,038,pink,1
CT2019_038,038,lingcod,3
CT2019_039,039,yelloweye rockfish,1
CT2019_039,039,lingcod,4
CT2019_039,039,coho,1
CT2019_040,040,coho,2
CT2019_040,040,lingcod,2
CT2019_041,041,coho,4
CT2019_041,041,lingcod,2
CT2019_041,041,pink,1
CT2019_042,042,coho,1
CT2019_043,043,chinook,2
CT2019_043,043,coho,5
CT2019_043,043,lingcod,1
CT2019_044,044,pink,2
CT2019_044,044,coho,5
CT2019_045,045,coho,5
CT2019_045,045,pink,1
CT2019_046,046,coho,5
CT2019_047,047,coho,16
CT2019_047,047,lingcod,1
CT2019_047,047,chinook,2
CT2019_048,048,chinook,1
CT2019_048,048,coho,2
CT2019_049,049,coho,12
CT2019_049,049,pink,3
CT2019_050,050,chinook,1
CT2019_050,050,yelloweye rockfish,2
CT2019_050,050,coho,12
CT2019_051,051,coho,5
CT2019_052,052,coho,6
CT2019_053,053,coho,5
CT2019_053,053,pink,1
CT2019_054,054,coho,1
CT2019_056,056,chinook,1
CT2019_059,059,coho,2
CT2019_060,060,chinook,1
CT2019_060,060,coho,7
CT2019_060,060,yelloweye rockfish,1
CT2019_061,061,lingcod,1
CT2019_061,061,yellowtail rockfish,1
CT2019_063,063,coho,1
CT2019_063,063,chinook,3
CT2019_064,064,lingcod,2
CT2019_065,065,yelloweye rockfish,1
CT2019_066,066,lingcod,1
CT2019_066,066,quillback rockfish,1
CT2019_067,067,coho,1
CT2019_067,067,chinook,1
CT2019_069,069,yelloweye rockfish,1
CT2019_069,069,lingcod,1
CT2019_070,070,chinook,1
CT2019_070,070,coho,2
CT2019_071,071,chinook,1
CT2019_073,073,lingcod,4
CT2019_073,073,coho,3
CT2019_073,073,yellowtail rockfish,1
CT2019_074,074,coho,7
CT2019_075,075,coho,5
CT2019_076,076,coho,5
CT2019_076,076,yellowtail rockfish,1
CT2019_077,077,coho,7
CT2019_077,077,yellowtail rockfish,1
CT2019_077,077,vermillion rockfish,1
CT2019_077,077,lingcod,1
CT2019_078,078,coho,1
CT2019_078,078,chinook,1
CT2019_079,079,chinook,2
CT2019_080,080,chinook,1
CT2019_080,080,coho,1
CT2019_081,081,chinook,1
CT2019_081,081,pink,2
CT2019_081,081,coho,1
CT2019_082,082,pink,1
CT2019_082,082,coho,2
CT2019_083,083,coho,3
CT2019_084,084,coho,1
CT2019_084,084,canary rockfish,1
CT2019_085,085,canary rockfish,1
CT2019_085,085,lingcod,1
CT2019_086,086,lingcod,1
CT2019_086,086,halibut,1
CT2019_087,087,coho,1
CT2019_087,087,canary,1
CT2019_087,087,lingcod,1
CT2019_088,088,halibut,1
CT2019_089,089,coho,1
CT2019_090,090,chinook,1
CT2019_091,091,coho,1
CT2019_091,091,pink,3
CT2019_092,092,halibut,2
CT2019_092,092,pink,1
CT2019_092,092,coho,1
CT2019_095,095,halibut,1
CT2019_096,096,chinook,2
CT2019_096,096,pink,1
CT2019_096,096,coho,2
CT2019_097,097,chinook,2
CT2019_097,097,coho,2
CT2019_098,098,chinook,1
CT2019_098,098,pink,1
CT2019_099,099,chinook,4
CT2019_099,099,pink,1
CT2019_099,099,coho,1
CT2019_100,100,chinook,2
CT2019_100,100,pink,2
CT2019_100,100,coho,1
CT2019_101,101,chinook,1
CT2019_103,103,chinook,1
CT2019_103,103,coho,2
CT2019_103,103,pink,3
CT2019_104,104,chinook,1
CT2019_104,104,pink,3
CT2019_104,104,coho,3
CT2019_105,105,pink,4
CT2019_105,105,coho,4
CT2019_106,106,pink,2
CT2019_106,106,coho,12
CT2019_107,107,pink,6
CT2019_107,107,coho,1
CT2019_107,107,yellowtail rockfish,1
CT2019_108,108,coho,5
CT2019_108,108,pink,8
CT2019_108,108,yellowtail rockfish,1
CT2019_109,109,pink,2
CT2019_109,109,coho,4
CT2019_110,110,pink,11
CT2019_110,110,coho,2
CT2019_111,111,pink,7
CT2019_111,111,chinook,1
CT2019_112,112,pink,2
CT2019_113,113,chinook,2
CT2019_113,113,coho,3
CT2019_113,113,pink,4
CT2019_114,114,coho,1
CT2019_114,114,pink,2
CT2019_114,114,yellowtail rockfish,1
CT2019_116,116,chinook,1
CT2019_116,116,coho,2
CT2019_116,116,halibut,1
CT2019_116,116,pink,2
CT2019_116,116,canary,1
CT2019_117,117,chinook,1
CT2019_117,117,pink,2
CT2019_117,117,coho,2
CT2019_118,118,chinook,2
CT2019_119,119,chinook,3
CT2019_119,119,pink,1
CT2019_119,119,coho,1
CT2019_119,119,yellowtail rockfish,1
CT2019_120,120,chinook,2
CT2019_120,120,coho,1
CT2019_121,121,chinook,1
CT2019_122,122,chinook,1
CT2019_123,123,coho,3
CT2019_124,124,chinook,2
CT2019_124,124,pink,5
CT2019_124,124,coho,2
CT2019_125,125,chinook,1
CT2019_125,125,coho,5
CT2019_125,125,pink,6
CT2019_126,126,coho,4
CT2019_126,126,halibut,1
CT2019_126,126,pink,10
CT2019_127,127,pink,7
CT2019_127,127,coho,2
CT2019_128,128,pink,12
CT2019_128,128,coho,1
CT2019_129,129,pink,6
CT2019_129,129,coho,1
CT2019_130,130,coho,4
CT2019_130,130,pink,2
CT2019_132,132,chinook,3
CT2019_132,132,coho,3
CT2019_132,132,sockeye,1
CT2019_132,132,pink,5
CT2019_133,133,chinook,2
CT2019_133,133,coho,5
CT2019_134,134,coho,1
CT2019_134,134,lingcod,5
CT2019_134,134,canary rockfish,1
CT2019_135,135,halibut,1
CT2019_135,135,coho,1
CT2019_136,136,lingcod,1
CT2019_136,136,canary rockfish,1
CT2019_136,136,coho,1
CT2019_137,137,yellowtail rockfish,2
CT2019_137,137,coho,1
CT2019_138,138,coho,1
CT2019_139,139,coho,3
CT2019_140,140,chinook,1
CT2019_141,141,coho,1
CT2019_142,142,pink,1
CT2019_144,144,coho,1
CT2019_145,145,coho,2
CT2019_146,146,coho,2
CT2019_147,147,coho,5
CT2019_147,147,pink,1
CT2019_148,148,pink,1
CT2019_148,148,coho,5
CT2019_149,149,coho,7
CT2019_149,149,pink,1
CT2019_149,149,chinook,2
CT2019_150,150,coho,6
CT2019_150,150,pink,1
CT2019_150,150,chinook,1
CT2019_151,151,coho,1
CT2019_152,152,chinook,1
CT2019_152,152,pink,1
CT2019_153,153,pink,1
CT2019_153,153,coho,1
CT2019_153,153,ling cod,1
CT2019_153,153,sanddab,1
CT2019_154,154,coho,1
CT2019_155,155,coho,1
CT2019_156,156,pink,1
CT2019_158,158,chinook,1
CT2019_158,158,lingcod,1
CT2019_158,158,coho,2
CT2019_159,159,coho,5
CT2019_159,159,pink,2
CT2019_160,160,coho,3
CT2019_161,161,chinook,1
CT2019_161,161,coho,4
CT2019_162,162,coho,3
CT2019_163,163,coho,5
CT2019_164,164,coho,3
CT2019_166,166,pink,1
CT2019_167,167,coho,1
CT2019_168,168,coho,2
CT2019_170,170,chinook,2
CT2019_170,170,coho,2
CT2019_171,171,chinook,1
CT2019_171,171,coho,1
CT2019_172,172,coho,1
CT2019_173,173,chinook,1
CT2019_173,173,pink,3
CT2019_173,173,coho,2
CT2019_174,174,chinook,2
CT2019_174,174,coho,2
CT2019_175,175,chinook,1
CT2019_175,175,coho,7
CT2019_176,176,chinook,1
CT2019_176,176,coho,5
CT2019_177,177,coho,3
CT2019_178,178,chinook,2
CT2019_178,178,coho,9
CT2019_179,179,chinook,1
CT2019_180,180,coho,8
CT2019_182,182,coho,5
CT2019_183,183,chinook,1
CT2019_183,183,coho,3
CT2019_184,184,coho,1
CT2019_185,185,chinook,1
CT2019_185,185,coho,7
CT2019_186,186,chinook,2
CT2019_186,186,pink,2
CT2019_187,187,coho,8
CT2019_187,187,jack mackerel,1
CT2019_187,187,chinook,7
CT2019_188,188,coho,11
CT2019_188,188,chinook,2
CT2019_189,189,chinook,1
CT2019_189,189,coho,3
CT2019_190,190,coho,3
CT2019_190,190,canary rockfish,1
CT2019_191,191,chinook,1
CT2019_191,191,coho,3
CT2019_192,192,coho,8
CT2019_193,193,chinook,2
CT2019_193,193,coho,7
CT2019_194,194,chinook,3
CT2019_194,194,coho,4
CT2019_195,195,chinook,2
CT2019_195,195,coho,5
CT2019_196,196,chinook,1
CT2019_196,196,coho,3
CT2019_197,197,chinook,1
CT2019_197,197,coho,4
CT2019_198,198,coho,7
CT2019_199,199,chinook,3
CT2019_199,199,coho,5
CT2019_200,200,coho,9
CT2019_200,200,yellowtail rockfish,2
CT2019_201,201,coho,9
CT2019_202,202,chinook,1
CT2019_202,202,coho,3
CT2019_203,203,coho,5
CT2019_204,204,chinook,2
CT2019_204,204,coho,9
CT2019_204,204,jack mackerel,1
CT2019_206,206,coho,2
CT2019_207,207,coho,4
CT2019_208,208,chinook,3
CT2019_208,208,coho,3
CT2019_208,208,canary rockfish,1
CT2019_209,209,chinook,2
CT2019_209,209,coho,4
CT2019_210,210,chinook,1
CT2019_210,210,coho,7
CT2019_211,211,chinook,1
CT2019_211,211,coho,3
CT2019_212,212,chinook,1
CT2019_212,212,coho,1
CT2019_213,213,chinook,1
CT2019_213,213,coho,4
CT2019_214,214,chinook,2
CT2019_214,214,coho,5
CT2019_215,215,chinook,3
CT2019_215,215,coho,9
CT2019_216,216,coho,1
CT2019_216,216,chinook,4
CT2019_217,217,coho,2
CT2019_218,218,coho,6
CT2019_219,219,coho,1
CT2019_220,220,chinook,1
CT2020_001,001,halibut,1
CT2020_002,002,lingcod,2
CT2020_002,002,coho,2
CT2020_002,002,chinook,1
CT2020_003,003,coho,3
CT2020_004,004,chinook,1
CT2020_004,004,coho,3
CT2020_005,005,coho,4
CT2020_006,006,coho,6
CT2020_007,007,coho,6
CT2020_008,008,coho,4
CT2020_009,009,coho,3
CT2020_010,010,coho,6
CT2020_011,011,coho,1
CT2020_013,013,coho,2
CT2020_014,014,coho,3
CT2020_015,015,coho,3
CT2020_016,016,coho,5
CT2020_017,017,coho,10
CT2020_018,018,coho,10
CT2020_019,019,coho,2
CT2020_022,022,coho,1
CT2020_024,024,coho,1
CT2020_024,024,halibut,2
CT2020_025,025,coho,4
CT2020_025,025,yellowtail rockfish,1
CT2020_028,028,yellowtail rockfish,2
CT2020_028,028,coho,1
CT2020_029,029,yellowtail rockfish,1
CT2020_029,029,chinook,1
CT2020_030,030,coho,1
CT2020_030,030,yellowtail rockfish,1
CT2020_031,031,coho,1
CT2020_032,032,coho,1
CT2020_033,033,coho,4
CT2020_033,033,lingcod,1
CT2020_034,034,coho,9
CT2020_035,035,coho,9
CT2020_036,036,coho,6
CT2020_037,037,coho,1
CT2020_038,038,coho,10
CT2020_038,038,halibut,1
CT2020_039,039,coho,4
CT2020_040,040,coho,5
CT2020_041,041,coho,4
CT2020_042,042,coho,3
CT2020_042,042,halibut,1
CT2020_043,043,chinook,1
CT2020_044,044,coho,5
CT2020_044,044,yelloweye rockfish,2
CT2020_045,045,halibut,1
CT2020_046,046,coho,2
CT2020_047,047,coho,1
CT2020_049,049,coho,2
CT2020_049,049,chinook,1
CT2020_050,050,coho,1
CT2020_050,050,chinook,1
CT2020_051,051,coho,4
CT2020_052,052,coho,1
CT2020_053,053,coho,2
CT2020_053,053,chinook,1
CT2020_054,054,coho,1
CT2020_055,055,coho,4
CT2020_056,056,coho,1
CT2020_057,057,coho,5
CT2020_067,067,lingcod,1
CT2020_068,068,coho,2
CT2020_068,068,lingcod,1
CT2020_069,069,coho,8
CT2020_070,070,coho,2
CT2020_070,070,halibut,1
CT2020_071,071,coho,1
CT2020_071,071,lingcod,1
CT2020_072,072,coho,1
CT2020_072,072,halibut,1
CT2020_073,073,halibut,1
CT2020_077,077,lingcod,1
CT2020_078,078,coho,2
CT2020_080,080,coho,6
CT2020_081,081,coho,12
CT2020_082,082,coho,6
CT2020_083,083,coho,3
CT2020_083,083,halibut,1
CT2020_085,085,halibut,2
CT2020_086,086,chinook,1
CT2020_091,091,coho,1
CT2020_092,092,halibut,1
CT2020_096,096,halibut,1
CT2020_097,097,halibut,1
CT2020_098,098,halibut,1
CT2020_100,100,halibut,1
CT2020_100,100,lingcod,1
CT2020_101,101,halibut,1
CT2020_103,103,coho,4
CT2020_103,103,chinook,1
CT2020_104,104,halibut,1
CT2020_106,106,halibut,3
CT2020_106,106,coho,1
CT2020_107,107,chinook,2
CT2020_107,107,coho,3
CT2020_108,108,coho,4
CT2020_109,109,chinook,2
CT2020_109,109,coho,2
CT2020_110,110,coho,2
CT2020_111,111,coho,2
CT2020_112,112,chinook,1
CT2020_112,112,coho,3
CT2020_113,113,halibut,1
CT2020_114,114,coho,1
CT2020_115,115,chinook,1
CT2020_115,115,coho,3
CT2020_119,119,coho,2
CT2020_119,119,chinook,1
CT2020_120,120,coho,6
CT2020_120,120,chinook,1
CT2020_121,121,coho,6
CT2020_122,122,coho,2
CT2020_123,123,coho,11
CT2020_124,124,coho,6
CT2020_125,125,coho,3
CT2020_125,125,chinook,1
CT2020_126,126,lingcod,1
CT2020_127,127,coho,3
CT2020_128,128,coho,2
CT2020_128,128,chinook,1
CT2020_129,129,coho,2
CT2020_130,130,chinook,1
CT2020_132,132,halibut,1
CT2020_132,132,chinook,1
CT2020_136,136,chinook,1
CT2020_137,137,chinook,2
CT2020_138,138,chinook,4
CT2020_139,139,chinook,5
CT2020_140,140,chinook,5
CT2020_141,141,chinook,3
CT2020_142,142,chinook,1
CT2020_143,143,chinook,5
CT2020_144,144,coho,1
CT2020_145,145,chinook,7
CT2020_146,146,coho,1
CT2020_147,147,rockfish,1
CT2020_148,148,chinook,4
CT2020_149,149,chinook,4
CT2020_149,149,coho,1
CT2020_153,153,lingcod,1
CT2020_154,154,chinook,4
CT2020_154,154,lingcod,1
CT2020_155,155,chinook,3
CT2020_156,156,chinook,6
CT2020_157,157,chinook,3
CT2020_158,158,chinook,5
CT2020_158,158,coho,1
CT2020_160,160,chinook,1
CT2020_163,163,chinook,1
CT2020_164,164,chinook,3
CT2020_165,165,chinook,1
CT2020_166,166,chinook,2
CT2020_168,168,coho,1
CT2020_171,171,chinook,1
CT2020_172,172,canary rockfish,5
CT2020_172,172,lingcod,1
CT2020_173,173,canary rockfish,6
CT2020_174,174,canary rockfish,1
CT2020_175,175,coho,1
CT2020_175,175,halibut,1
CT2020_175,175,canary rockfish,1
CT2020_176,176,coho,5
CT2020_176,176,chinook,2
CT2020_177,177,chinook,3
CT2020_177,177,coho,4
CT2020_177,177,jack mackerel,1
CT2020_178,178,coho,5
CT2020_178,178,chinook,4
CT2020_178,178,jack mackerel,1
CT2020_179,179,chinook,7
CT2020_179,179,coho,6
CT2020_179,179,jack mackerel,3
CT2020_180,180,chinook,8
CT2020_180,180,coho,6
CT2020_181,181,coho,8
CT2020_181,181,chinook,6
CT2020_182,182,coho,7
CT2020_182,182,chinook,2
CT2020_183,183,coho,5
CT2020_183,183,chinook,1
CT2020_183,183,lingcod,2
CT2020_184,184,yellowtail rockfish,4
CT2020_185,185,yellowtail rockfish,2
CT2020_185,185,coho,1
CT2020_186,186,yellowtail rockfish,2
CT2020_186,186,canary rockfish,2
CT2020_186,186,chinook,1
CT2020_187,187,chinook,9
CT2020_187,187,yellowtail rockfish,2
CT2020_188,188,chinook,6
CT2020_188,188,yellowtail rockfish,4
CT2020_188,188,coho,1
CT2020_189,189,chinook,18
CT2020_189,189,yellowtail rockfish,4
CT2020_189,189,coho,2
CT2020_190,190,coho,1
CT2020_190,190,chinook,1
CT2020_190,190,yellowtail rockfish,1
CT2020_191,191,chinook,6
CT2020_191,191,coho,3
CT2020_191,191,yellowtail rockfish,1
CT2020_192,192,chinook,8
CT2020_192,192,coho,3
CT2020_193,193,coho,2
CT2020_193,193,chinook,5
CT2020_194,194,lingcod,2
CT2020_194,194,coho,2
CT2020_194,194,chinook,5
CT2020_195,195,coho,3
CT2020_195,195,chinook,2
CT2020_196,196,lingcod,3
CT2020_196,196,chinook,1
CT2020_197,197,chinook,3
CT2020_197,197,lingcod,2
CT2020_197,197,coho,2
CT2021_012,012,halibut,1
CT2021_013,013,lingcod,1
CT2021_020,020,chinook,2
CT2021_020,020,coho,1
CT2021_025,025,coho,1
CT2021_026,026,coho,1
CT2021_028,028,chinook,1
CT2021_028,028,coho,1
CT2021_029,029,chinook,1
CT2021_031,031,coho,2
CT2021_035,035,chinook,1
CT2021_036,036,coho,1
CT2021_037,037,coho,1
CT2021_038,038,coho,2
CT2021_041,041,chinook,1
CT2021_042,042,coho,3
CT2021_043,043,coho,2
CT2021_064,064,coho,8
CT2021_065,065,coho,5
CT2021_066,066,coho,3
CT2021_075,075,coho,1
CT2021_076,076,coho,6
CT2021_085,085,chinook,1
CT2021_085,085,coho,1
CT2021_088,088,chinook,1
CT2021_089,089,chinook,1
CT2021_089,089,coho,1
CT2021_090,090,chinook,2
CT2021_091,091,chinook,3
CT2021_091,091,halibut,1
CT2021_093,093,chinook,1
CT2021_095,095,chinook,2
CT2021_096,096,chinook,3
CT2021_101,101,chinook,1
CT2021_101,101,yellowtail rockfish,1
CT2021_102,102,lingcod,2
CT2021_103,103,yellowtail rockfish,1
CT2021_104,104,yellowtail rockfish,1
CT2021_105,105,yellowtail rockfish,2
CT2021_112,112,lingcod,1
CT2021_112,112,chinook,1
CT2021_113,113,lingcod,2
CT2021_115,115,chinook,1
CT2021_115,115,coho,1
CT2021_116,116,chinook,3
CT2021_116,116,coho,2
CT2021_117,117,chinook,3
CT2021_117,117,coho,10
CT2021_117,117,halibut,1
CT2021_118,118,coho,8
CT2021_118,118,pink,1
CT2021_119,119,coho,7
CT2021_120,120,coho,4
CT2021_120,120,chinook,1
CT2021_121,121,coho,2
CT2021_122,122,coho,2
CT2021_123,123,coho,1
CT2021_124,124,coho,1
CT2021_125,125,coho,17
CT2021_125,125,pink,1
CT2021_126,126,chinook,1
CT2021_126,126,coho,9
CT2021_127,127,coho,6
CT2021_128,128,coho,26
CT2021_128,128,pink,1
CT2021_128,128,halibut,1
CT2021_129,129,chinook,1
CT2021_130,130,coho,1
CT2021_130,130,chinook,4
CT2021_131,131,coho,1
CT2021_131,131,chinook,5
CT2021_132,132,halibut,1
CT2021_132,132,chinook,2
CT2021_133,133,halibut,1
CT2021_133,133,lingcod,1
CT2021_133,133,coho,1
CT2021_133,133,chinook,3
CT2021_134,134,coho,9
CT2021_134,134,chinook,5
CT2021_135,135,chinook,1
CT2021_135,135,coho,22
CT2021_137,137,chinook,4
CT2021_137,137,coho,9
CT2021_138,138,chinook,1
CT2021_138,138,coho,2
CT2021_138,138,lingcod,2
CT2021_139,139,quillback rockfish,1
CT2021_139,139,lingcod,1
CT2021_139,139,coho,1
CT2021_139,139,halibut,1
CT2021_140,140,chinook,1
CT2021_140,140,coho,1
CT2021_141,141,chinook,1
CT2021_141,141,coho,4
CT2021_142,142,coho,2
CT2021_142,142,lingcod,1
CT2021_143,143,chinook,1
CT2021_143,143,coho,4
CT2021_143,143,halibut,1
CT2021_143,143,lingcod,1
CT2021_144,144,chinook,1
CT2021_144,144,coho,6
CT2021_144,144,halibut,1
CT2021_145,145,chinook,1
CT2021_145,145,halibut,1
CT2021_145,145,coho,1
CT2021_146,146,halibut,3
CT2021_146,146,pink,1
CT2021_146,146,coho,4
CT2021_147,147,chinook,2
CT2021_147,147,pink,1
CT2021_147,147,coho,3
CT2021_148,148,coho,7
CT2021_148,148,lingcod,1
CT2021_149,149,chinook,4
CT2021_150,150,chinook,11
CT2021_150,150,coho,3
CT2021_151,151,chinook,3
CT2021_152,152,chinook,2
CT2021_152,152,coho,1
CT2021_153,153,chinook,1
CT2021_154,154,chinook,3
CT2021_155,155,chinook,8
CT2021_155,155,coho,1
CT2021_155,155,yellowtail rockfish,1
CT2021_156,156,chinook,7
CT2021_156,156,coho,3
CT2021_156,156,yellowtail rockfish,2
CT2021_157,157,chinook,7
CT2021_157,157,yellowtail rockfish,2
CT2021_158,158,chinook,3
CT2021_158,158,lingcod,1
CT2021_158,158,yellowtail rockfish,1
CT2021_159,159,chinook,2
CT2021_159,159,coho,1
CT2021_159,159,lingcod,1
CT2021_160,160,chinook,2
CT2021_161,161,chinook,3
CT2021_162,162,chinook,2
CT2021_162,162,lingcod,1
CT2021_164,164,chinook,2
CT2021_164,164,canary rockfish,1
CT2021_165,165,pink,1
CT2021_166,166,chinook,9
CT2021_166,166,coho,1
CT2021_166,166,pink,1
CT2021_167,167,chinook,5
CT2021_168,168,chinook,3
CT2021_168,168,coho,1
CT2021_169,169,chinook,2
CT2021_169,169,lingcod,1
CT2021_170,170,canary rockfish,1
CT2021_171,171,chinook,4
CT2021_171,171,pink,1
CT2021_172,172,chinook,1
CT2021_174,174,chinook,4
CT2021_175,175,chinook,1
CT2021_176,176,chinook,2
CT2021_177,177,chinook,3
CT2021_178,178,halibut,1
CT2021_179,179,chinook,6
CT2021_180,180,chinook,4
CT2021_180,180,coho,1
CT2021_182,182,chinook,2
CT2021_183,183,chinook,9
CT2021_183,183,halibut,1
CT2021_184,184,chinook,4
CT2021_185,185,coho,3
CT2021_185,185,halibut,1
CT2021_186,186,coho,1
CT2021_186,186,lingcod,1
CT2021_186,186,chinook,7
CT2021_187,187,chinook,5
CT2021_187,187,coho,5
CT2021_188,188,chinook,2
CT2021_188,188,coho,6
CT2021_189,189,chinook,3
CT2021_189,189,coho,4
CT2021_190,190,chinook,3
CT2021_190,190,coho,3
CT2021_191,191,chinook,3
CT2021_191,191,coho,4
CT2021_192,192,coho,13
CT2021_193,193,coho,11
CT2021_193,193,pink,1
CT2021_194,194,coho,3
CT2021_194,194,lingcod,1
CT2021_195,195,chinook,1
CT2021_195,195,coho,4
CT2021_195,195,halibut,1
CT2021_196,196,chinook,1
CT2021_196,196,coho,3
CT2021_196,196,lingcod,1
CT2021_197,197,chinook,2
CT2021_197,197,coho,3
CT2021_199,199,chinook,2
CT2021_199,199,coho,2
CT2021_200,200,chinook,1
CT2021_200,200,coho,5
CT2021_201,201,chinook,7
CT2021_201,201,coho,6
CT2021_202,202,chinook,2
CT2021_202,202,coho,12
CT2021_202,202,lingcod,1
CT2021_202,202,halibut,1
CT2021_203,203,chinook,2
CT2021_203,203,coho,2
CT2021_204,204,coho,2
CT2021_205,205,chinook,7
CT2021_205,205,coho,5
CT2021_205,205,pink,1
CT2021_205,205,mystery rockfish,1
CT2021_206,206,chinook,4
CT2021_206,206,coho,9
CT2021_206,206,pink,3
CT2021_207,207,chinook,2
CT2021_207,207,coho,8
CT2021_207,207,pink,1
CT2021_208,208,chinook,6
CT2021_208,208,coho,3
CT2021_209,209,chinook,1
CT2021_209,209,coho,12
CT2021_209,209,halibut,1
CT2021_209,209,pink,2
CT2021_210,210,coho,7
CT2021_211,211,coho,13
CT2021_211,211,lingcod,1
CT2021_212,212,coho,5
CT2021_212,212,chinook,2
CT2021_213,213,coho,7
CT2021_213,213,chinook,2
CT2021_214,214,halibut,3
CT2021_214,214,coho,6
CT2021_214,214,chinook,2
CT2021_215,215,coho,6
CT2021_215,215,chinook,5
CT2021_216,216,chinook,4
CT2021_216,216,coho,6
CT2021_216,216,pink,1
CT2021_217,217,pink,1
CT2021_217,217,coho,10
CT2021_217,217,chinook,2
CT2021_218,218,chinook,3
CT2021_218,218,coho,2
CT2021_219,219,chinook,2
CT2021_219,219,coho,7
CT2021_220,220,chinook,1
CT2021_220,220,coho,4
CT2021_221,221,chinook,4
CT2021_221,221,pink,1
CT2021_221,221,coho,5
CT2021_222,222,chinook,2
CT2021_222,222,coho,3
CT2021_223,223,coho,4
CT2021_224,224,chinook,2
CT2021_224,224,coho,5
CT2021_224,224,pink,1
CT2021_224,224,halibut,1
CT2021_225,225,chinook,2
CT2021_226,226,chinook,2
CT2021_227,227,chinook,1
CT2021_228,228,chinook,2
CT2021_229,229,chinook,2
CT2021_229,229,coho,1
CT2021_230,230,pink,1
CT2021_232,232,chinook,1
CT2021_234,234,coho,1
CT2021_237,237,chinook,1
CT2021_237,237,coho,2
CT2021_239,239,canary rockfish,1
CT2021_241,241,lingcod,1
CT2021_242,242,chinook,3
CT2021_243,243,chinook,4
CT2021_244,244,chinook,3
CT2021_244,244,yellowtail rockfish,1
CT2021_245,245,chinook,4
CT2021_246,246,chinook,6
CT2021_247,247,chinook,7
CT2021_247,247,coho,2
CT2021_248,248,chinook,3
CT2021_248,248,widow rockfish,1
CT2021_248,248,coho,1
CT2021_248,248,yellowtail rockfish,1
CT2021_249,249,chinook,3
CT2021_249,249,yellowtail rockfish,3
CT2021_249,249,widow rockfish,3
CT2021_249,249,lingcod,1
CT2021_250,250,chinook,2
CT2021_250,250,coho,2
CT2021_251,251,chinook,5
CT2021_251,251,widow rockfish,2
CT2021_252,252,coho,1
CT2021_252,252,chinook,1
CT2021_253,253,chinook,2
CT2021_253,253,coho,1
CT2021_254,254,chinook,1
CT2021_254,254,coho,1
CT2021_255,255,coho,1
CT2021_256,256,chinook,1
CT2021_257,257,chinook,3
CT2021_258,258,chinook,1
CT2021_258,258,widow rockfish,1
CT2021_258,258,canary rockfish,1
CT2022_001,001,chinook,2
CT2022_003,003,chinook,4
CT2022_003,003,lingcod,1
CT2022_004,004,chinook,6
CT2022_005,005,chinook,4
CT2022_005,005,coho,3
CT2022_006,006,coho,1
CT2022_007,007,chinook,1
CT2022_007,007,coho,1
CT2022_008,008,coho,4
CT2022_009,009,coho,1
CT2022_010,010,chinook,1
CT2022_010,010,coho,3
CT2022_010,010,lingcod,1
CT2022_011,011,chinook,1
CT2022_012,012,chinook,3
CT2022_012,012,coho,1
CT2022_013,013,coho,1
CT2022_014,014,chinook,4
CT2022_014,014,coho,3
CT2022_015,015,chinook,6
CT2022_016,016,chinook,3
CT2022_017,017,chinook,9
CT2022_018,018,chinook,5
CT2022_018,018,coho,1
CT2022_019,019,chinook,3
CT2022_019,019,coho,1
CT2022_019,019,halibut,1
CT2022_020,020,chinook,7
CT2022_021,021,chinook,3
CT2022_022,022,chinook,9
CT2022_023,023,chinook,4
CT2022_024,024,chinook,2
CT2022_025,025,chinook,5
CT2022_025,025,coho,3
CT2022_026,026,chinook,1
CT2022_027,027,chinook,1
CT2022_027,027,redstripe rockfish,1
CT2022_028,028,chinook,6
CT2022_028,028,coho,2
CT2022_029,029,chinook,1
CT2022_029,029,gray cod,1
CT2022_030,030,coho,1
CT2022_030,030,chinook,1
CT2022_031,031,chinook,2
CT2022_032,032,chinook,7
CT2022_033,033,chinook,5
CT2022_034,034,coho,3
CT2022_034,034,lingcod,5
CT2022_035,035,chinook,2
CT2022_035,035,lingcod,2
CT2022_036,036,chinook,1
CT2022_037,037,chinook,2
CT2022_037,037,lingcod,3
CT2022_037,037,coho,1
CT2022_038,038,chinook,6
CT2022_039,039,chinook,4
CT2022_039,039,lingcod,4
CT2022_040,040,chinook,4
CT2022_040,040,coho,1
CT2022_041,041,chinook,1
CT2022_042,042,chinook,2
CT2022_042,042,coho,1
CT2022_043,043,chinook,1
CT2022_044,044,chinook,3
CT2022_044,044,halibut,1
CT2022_044,044,coho,1
CT2022_045,045,chinook,3
CT2022_046,046,chinook,7
CT2022_047,047,chinook,2
CT2022_047,047,coho,1
CT2022_048,048,chinook,7
CT2022_048,048,coho,1
CT2022_049,049,chinook,1
CT2022_050,050,chinook,3
CT2022_050,050,coho,1
CT2022_051,051,chinook,5
CT2022_052,052,chinook,5
CT2022_053,053,chinook,11
CT2022_053,053,coho,2
CT2022_054,054,chinook,7
CT2022_054,054,coho,1
CT2022_055,055,chinook,3
CT2022_056,056,chinook,2
CT2022_057,057,redstripe rockfish,1
CT2022_058,058,chinook,3
CT2022_058,058,coho,1
CT2022_059,059,chinook,4
CT2022_060,060,chinook,5
CT2022_060,060,coho,6
CT2022_060,060,lingcod,1
CT2022_061,061,chinook,3
CT2022_061,061,lingcod,1
CT2022_062,062,black rockfish,1
CT2022_063,063,black rockfish,1
CT2022_067,067,chinook,1
CT2022_067,067,lingcod,1
CT2022_067,067,canary rockfish,1
CT2022_068,068,canary rockfish,1
CT2022_069,069,chinook,2
CT2022_070,070,chinook,2
CT2022_071,071,chinook,3
CT2022_072,072,chinook,3
CT2022_073,073,chinook,5
CT2022_073,073,coho,2
CT2022_074,074,chinook,4
CT2022_076,076,chinook,2
CT2022_076,076,lingcod,1
CT2022_078,078,lingcod,4
CT2022_079,079,coho,1
CT2022_080,080,chinook,1
CT2022_081,081,coho,1
CT2022_082,082,chinook,2
CT2022_082,082,coho,2
CT2022_083,083,chinook,3
CT2022_083,083,coho,10
CT2022_085,085,chinook,2
CT2022_085,085,coho,3
CT2022_086,086,coho,10
CT2022_087,087,chinook,1
CT2022_087,087,coho,3
CT2022_088,088,chinook,2
CT2022_088,088,coho,5
CT2022_089,089,chinook,1
CT2022_089,089,coho,2
CT2022_090,090,chinook,2
CT2022_094,094,chinook,8
CT2022_095,095,chinook,5
CT2022_096,096,chinook,4
CT2022_097,097,chinook,5
CT2022_097,097,pacific cod,1
CT2022_097,097,halibut,1
CT2022_097,097,coho,1
CT2022_098,098,chinook,5
CT2022_098,098,halibut,2
CT2022_098,098,coho,2
CT2022_099,099,chinook,4
CT2022_100,100,chinook,4
CT2022_101,101,chinook,5
CT2022_102,102,chinook,3
CT2022_103,103,chinook,6
CT2022_103,103,coho,2
CT2022_104,104,chinook,4
CT2022_104,104,coho,1
CT2022_105,105,chinook,3
CT2022_105,105,yellowtail rockfish,1
CT2022_105,105,canary rockfish,1
CT2022_106,106,chinook,2
CT2022_107,107,chinook,5
CT2022_107,107,yellowtail rockfish,1
CT2022_107,107,lingcod,1
CT2022_108,108,chinook,8
CT2022_109,109,chinook,1
CT2022_110,110,chinook,8
CT2022_111,111,chinook,3
CT2022_112,112,coho,1
CT2022_113,113,chinook,9
CT2022_114,114,chinook,5
CT2022_114,114,lingcod,1
CT2022_115,115,chinook,2
CT2022_116,116,chinook,9
CT2022_117,117,chinook,2
CT2022_118,118,chinook,7
CT2022_119,119,chinook,4
CT2022_119,119,coho,2
CT2022_120,120,chinook,1
CT2022_121,121,chinook,3
CT2022_121,121,coho,1
CT2022_122,122,chinook,2
CT2022_123,123,chinook,1
CT2022_123,123,coho,1
CT2022_124,124,chinook,2
CT2022_124,124,coho,1
CT2022_125,125,halibut,1
CT2022_126,126,halibut,1
CT2022_127,127,chinook,5
CT2022_127,127,coho,3
CT2022_127,127,yellowtail rockfish,1
CT2022_128,128,chinook,1
CT2022_128,128,coho,1
CT2022_128,128,yellowtail rockfish,1
CT2022_129,129,chinook,3
CT2022_129,129,coho,3
CT2022_129,129,canary rockfish,1
CT2022_129,129,lingcod,2
CT2022_130,130,chinook,5
CT2022_130,130,coho,3
CT2022_131,131,chinook,6
CT2022_131,131,coho,2
CT2022_131,131,lingcod,1
CT2022_132,132,chinook,3
CT2022_133,133,chinook,3
CT2022_134,134,chinook,5
CT2022_135,135,chinook,6
CT2022_135,135,coho,1
CT2022_136,136,chinook,7
CT2022_137,137,chinook,7
CT2022_137,137,coho,2
CT2022_138,138,chinook,6
CT2022_138,138,coho,7
CT2022_138,138,halibut,2
CT2022_139,139,chinook,7
CT2022_139,139,coho,3
CT2022_140,140,chinook,3
CT2022_140,140,halibut,2
CT2022_141,141,chinook,2
CT2022_142,142,chinook,6
CT2022_142,142,coho,1
CT2022_143,143,chinook,1
CT2022_144,144,chinook,3
CT2022_144,144,coho,2
CT2022_144,144,halibut,1
CT2022_145,145,chinook,6
CT2022_146,146,chinook,13
CT2022_146,146,coho,6
CT2022_147,147,chinook,6
CT2022_147,147,coho,1
CT2022_148,148,chinook,17
CT2022_148,148,coho,8
CT2022_149,149,chinook,7
CT2022_149,149,lingcod,1
CT2022_149,149,coho,1
CT2022_150,150,chinook,4
CT2022_150,150,coho,1
CT2022_151,151,chinook,10
CT2022_151,151,coho,1
CT2022_152,152,chinook,3
CT2022_152,152,halibut,2
CT2022_152,152,coho,2
CT2022_153,153,halibut,1
CT2022_154,154,chinook,2
CT2022_155,155,chinook,2
CT2022_155,155,coho,2
CT2022_156,156,chinook,5
CT2022_156,156,coho,1
CT2022_157,157,chinook,3
CT2022_157,157,coho,5
CT2022_158,158,chinook,3
CT2022_158,158,coho,9
CT2022_159,159,chinook,6
CT2022_159,159,coho,3
CT2022_160,160,chinook,2
CT2022_161,161,chinook,7
CT2022_162,162,chinook,1
CT2022_163,163,chinook,2
CT2022_164,164,chinook,4
CT2022_165,165,chinook,2
CT2022_167,167,chinook,2
CT2022_169,169,chinook,1
CT2022_169,169,canary rockfish,1
CT2022_169,169,lingcod,1
CT2022_170,170,chinook,1
CT2022_170,170,coho,1
CT2022_172,172,chinook,1
CT2022_173,173,chinook,3
CT2022_175,175,chinook,5
CT2022_175,175,lingcod,1
CT2022_176,176,chinook,2
CT2022_177,177,chinook,6
CT2022_177,177,coho,1
CT2022_178,178,chinook,4
CT2022_178,178,coho,1
CT2022_179,179,chinook,3
CT2022_179,179,coho,4
CT2022_180,180,chinook,6
CT2022_180,180,coho,6
CT2022_180,180,jack mackerel,1
CT2022_181,181,chinook,6
CT2022_181,181,coho,2
CT2022_181,181,canary rockfish,1
CT2022_182,182,chinook,6
CT2022_182,182,coho,1
CT2022_182,182,canary rockfish,1
CT2022_183,183,chinook,5
CT2022_183,183,canary rockfish,1
CT2022_185,185,chinook,1
CT2022_185,185,coho,5
CT2022_185,185,canary rockfish,4
CT2022_186,186,chinook,1
CT2022_186,186,coho,8
CT2022_186,186,jack mackerel,1
CT2022_186,186,mystery rockfish,1
CT2022_187,187,chinook,6
CT2022_187,187,coho,5
CT2022_188,188,chinook,5
CT2022_189,189,chinook,6
CT2022_189,189,coho,1
CT2022_190,190,chinook,1
CT2022_190,190,coho,3
CT2022_191,191,chinook,4
CT2022_191,191,coho,2
CT2022_192,192,chinook,5
CT2022_193,193,chinook,4
CT2022_193,193,coho,6
CT2022_194,194,chinook,4
CT2022_194,194,coho,10
CT2022_195,195,chinook,5
CT2022_195,195,coho,12
CT2022_196,196,chinook,2
CT2022_196,196,coho,8
CT2022_197,197,chinook,6
CT2022_197,197,coho,12
CT2022_197,197,jack mackerel,1
CT2022_198,198,chinook,4
CT2022_198,198,coho,9
CT2022_199,199,chinook,5
CT2022_199,199,coho,5
CT2022_200,200,chinook,5
CT2022_200,200,coho,5
CT2022_201,201,chinook,6
CT2022_201,201,canary rockfish,1
CT2022_201,201,coho,1
CT2022_203,203,coho,1
CT2022_204,204,chinook,1
CT2022_204,204,coho,3
CT2022_205,205,coho,1
CT2022_206,206,chinook,1
CT2022_208,208,coho,4
CT2022_208,208,yellowtail rockfish,1
CT2022_211,211,chinook,1
CT2022_211,211,coho,3
CT2022_213,213,coho,1
CT2023_002,002,chinook,2
CT2023_003,003,canary rockfish,1
CT2023_004,004,coho,1
CT2023_004,004,chinook,2
CT2023_005,005,coho,2
CT2023_005,005,lingcod,1
CT2023_005,005,chinook,2
CT2023_006,006,coho,4
CT2023_006,006,chinook,1
CT2023_008,008,chinook,1
CT2023_008,008,coho,1
CT2023_010,010,chinook,2
CT2023_010,010,coho,1
CT2023_012,012,halibut,1
CT2023_019,019,chinook,1
CT2023_020,020,canary rockfish,1
CT2023_021,021,canary rockfish,1
CT2023_022,022,canary rockfish,1
CT2023_022,022,lingcod,1
CT2023_022,022,halibut,1
CT2023_023,023,chinook,1
CT2023_023,023,canary rockfish,1
CT2023_025,025,coho,1
CT2023_032,032,lingcod,1
CT2023_037,037,vermillion rockfish,1
CT2023_037,037,lingcod,1
CT2023_038,038,yellowtail rockfish,8
CT2023_038,038,coho,8
CT2023_041,041,chinook,1
CT2023_048,048,chinook,4
CT2023_048,048,coho,3
CT2023_049,049,chinook,1
CT2023_049,049,coho,3
CT2023_050,050,coho,1
CT2023_051,051,chinook,5
CT2023_051,051,coho,1
CT2023_053,053,coho,3
CT2023_054,054,chinook,4
CT2023_054,054,coho,3
CT2023_055,055,chinook,1
CT2023_055,055,coho,1
CT2023_056,056,chinook,1
CT2023_057,057,chinook,1
CT2023_057,057,coho,1
CT2023_058,058,chinook,1
CT2023_058,058,coho,1
CT2023_059,059,coho,1
CT2023_060,060,chinook,1
CT2023_060,060,coho,1
CT2023_060,060,pink,1
CT2023_061,061,chinook,2
CT2023_061,061,coho,4
CT2023_062,062,chinook,1
CT2023_062,062,halibut,1
CT2023_063,063,coho,2
CT2023_063,063,halibut,1
CT2023_063,063,chinook,1
CT2023_064,064,coho,2
CT2023_064,064,chinook,1
CT2023_066,066,canary rockfish,2
CT2023_066,066,chinook,2
CT2023_067,067,chinook,2
CT2023_068,068,coho,4
CT2023_068,068,chinook,1
CT2023_069,069,coho,2
CT2023_069,069,chinook,1
CT2023_071,071,chinook,1
CT2023_072,072,coho,1
CT2023_073,073,coho,1
CT2023_074,074,chinook,3
CT2023_076,076,chinook,2
CT2023_076,076,lingcod,1
CT2023_077,077,chinook,5
CT2023_077,077,lingcod,1
CT2023_077,077,halibut,1
CT2023_078,078,chinook,5
CT2023_078,078,lingcod,1
CT2023_078,078,halibut,1
CT2023_079,079,chinook,3
CT2023_079,079,coho,1
CT2023_080,080,chinook,2
CT2023_083,083,chinook,1
CT2023_084,084,halibut,1
CT2023_086,086,lingcod,1
CT2023_087,087,coho,3
CT2023_088,088,chinook,2
CT2023_092,092,chinook,1
CT2023_092,092,coho,2
CT2023_093,093,chinook,1
CT2023_094,094,chinook,2
CT2023_095,095,chinook,1
CT2023_096,096,chinook,1
CT2023_096,096,widow rockfish,1
CT2023_097,097,widow rockfish,2
CT2023_098,098,chinook,1
CT2023_099,099,chinook,1
CT2023_100,100,chinook,3
CT2023_100,100,coho,1
CT2023_101,101,chinook,3
CT2023_102,102,chinook,4
CT2023_102,102,lingcod,1
CT2023_102,102,coho,1
CT2023_105,105,chinook,1
CT2023_106,106,chinook,1
CT2023_109,109,chinook,2
CT2023_110,110,chinook,2
CT2023_111,111,chinook,3
CT2023_112,112,chinook,5
CT2023_118,118,chinook,2
CT2023_119,119,chinook,3
CT2023_120,120,chinook,3
CT2023_121,121,chinook,2
CT2023_129,129,chinook,2
CT2023_131,131,coho,1
CT2023_131,131,canary rockfish,1
CT2023_132,132,chinook,1
CT2023_132,132,widow rockfish,1
CT2023_132,132,lingcod,1
CT2023_133,133,chinook,3
CT2023_135,135,coho,1
CT2023_136,136,halibut,3
CT2023_140,140,coho,4
CT2023_141,141,coho,1
CT2023_143,143,halibut,3
CT2023_144,144,halibut,4
CT2023_144,144,coho,1
CT2023_145,145,halibut,1
CT2023_145,145,lingcod,1
CT2023_147,147,coho,1
CT2023_147,147,chinook,1
CT2023_148,148,coho,1
CT2023_149,149,coho,1
CT2023_149,149,lingcod,1
CT2023_149,149,chinook,3
CT2023_150,150,chinook,5
CT2023_151,151,chinook,2
CT2023_153,153,chinook,1
CT2023_154,154,chinook,2
CT2023_154,154,coho,1
CT2023_156,156,pink,1
CT2023_156,156,chinook,2
CT2023_156,156,silvergrey rockfish,1
CT2023_156,156,coho,1
CT2023_157,157,chinook,3
CT2023_157,157,yellowtail rockfish,1
CT2023_158,158,chinook,3
CT2023_158,158,yellowtail rockfish,1
CT2023_159,159,yellowtail rockfish,1
CT2023_161,161,coho,1
CT2023_162,162,coho,1
CT2023_162,162,chinook,2
CT2023_164,164,chinook,4
CT2023_165,165,coho,3
CT2023_166,166,pink,1
CT2023_166,166,coho,1
CT2023_167,167,coho,2
CT2023_168,168,chinook,2
CT2023_169,169,coho,2
CT2023_169,169,pink,2
CT2023_170,170,chinook,2
CT2023_170,170,widow rockfish,2
CT2023_171,171,widow rockfish,1
CT2023_171,171,lingcod,2
CT2023_172,172,coho,1
CT2023_172,172,halibut,1
CT2023_172,172,widow rockfish,1
CT2023_173,173,pink,2
CT2023_173,173,chinook,1
CT2023_174,174,chinook,2
CT2023_174,174,coho,1
CT2023_174,174,pink,1
CT2023_176,176,pink,1
CT2023_177,177,chinook,2
CT2023_177,177,coho,3
CT2023_178,178,pink,2
CT2023_178,178,coho,2
CT2023_179,179,pink,8
CT2023_179,179,coho,1
CT2023_180,180,pink,6
CT2023_181,181,pink,3
CT2023_181,181,coho,1
CT2023_182,182,pink,4
CT2023_182,182,coho,1
CT2023_183,183,pink,2
CT2023_183,183,coho,1
CT2023_184,184,pink,4
CT2023_184,184,coho,4
CT2023_185,185,pink,3
CT2023_185,185,coho,1
CT2023_186,186,pink,2
CT2023_187,187,pink,1
CT2023_187,187,coho,1
CT2023_187,187,widow rockfish,1
CT2023_188,188,pink,1
CT2023_188,188,yellowtail rockfish,1
CT2023_189,189,chinook,2
CT2023_189,189,coho,2
CT2023_189,189,canary rockfish,1
CT2023_189,189,yellowtail rockfish,1
CT2023_190,190,chinook,3
CT2023_190,190,coho,1
CT2023_190,190,lingcod,1
CT2023_191,191,coho,5
CT2023_191,191,chinook,1
CT2023_193,193,pink,2
CT2023_193,193,pink,1
CT2023_198,198,chinook,2
CT2023_198,198,coho,2
CT2023_199,199,coho,2
CT2023_199,199,halibut,1
CT2023_199,199,pink,1
CT2023_204,204,chinook,1
CT2023_204,204,coho,2
CT2023_206,206,coho,2
CT2023_207,207,coho,2
CT2023_208,208,chinook,1
CT2023_211,211,coho,1
CT2023_212,212,coho,1
CT2023_212,212,chinook,1
CT2023_213,213,chinook,2
CT2023_214,214,chinook,3
CT2023_214,214,pink,2
CT2023_214,214,coho,1
CT2023_215,215,chinook,3
CT2023_215,215,coho,2
CT2023_215,215,pink,1
CT2023_216,216,chinook,1
CT2023_216,216,coho,1
CT2023_216,216,pink,1
CT2023_217,217,chinook,3
CT2023_217,217,pink,1
CT2023_218,218,chinook,3
CT2023_218,218,pink,2
